physpreset,plastic_container_sml
xanim,ai_direwolf_base_idle_howl
xanim,ai_zm_dlc1_zombie_climb_up_192_down_40
xanim,ai_zm_dlc1_zombie_climb_up_256_down_32
xanim,ai_zm_dlc1_zombie_climb_up_256_down_40
xanim,ai_zm_dlc1_zombie_crawl_climb_up_192_down_40
xanim,ai_zm_dlc1_zombie_crawl_climb_up_256_down_32
xanim,ai_zm_dlc1_zombie_crawl_jump_down_190
xanim,ai_zm_dlc1_zombie_crawl_jump_up_180_down_36
xanim,ai_zm_dlc1_zombie_crawl_jump_up_244_down_36
xanim,ai_zm_dlc1_zombie_crawl_jump_up_36_down_180
xanim,ai_zm_dlc1_zombie_crawl_jump_up_36_down_244
xanim,ai_zm_dlc1_zombie_jump_down_190
xanim,ai_zm_dlc1_zombie_jump_up_180_down_36
xanim,ai_zm_dlc1_zombie_jump_up_244_down_36
xanim,ai_zm_dlc1_zombie_jump_up_36_down_180
xanim,ai_zm_dlc1_zombie_jump_up_36_down_244
xanim,ai_zm_dlc4_zombie_crawl_jump_across_192
xanim,ai_zm_dlc4_zombie_crawl_jump_across_296
xanim,ai_zm_dlc4_zombie_crawl_jump_down_148
xanim,ai_zm_dlc4_zombie_crawl_jump_down_200
xanim,ai_zm_dlc4_zombie_crawl_jump_down_224
xanim,ai_zm_dlc4_zombie_crawl_jump_up_148
xanim,ai_zm_dlc4_zombie_crawl_jump_up_224
xanim,ai_zm_dlc4_zombie_jump_across_192
xanim,ai_zm_dlc4_zombie_jump_across_296
xanim,ai_zm_dlc4_zombie_jump_across_down_148
xanim,ai_zm_dlc4_zombie_jump_across_up_148
xanim,ai_zm_dlc4_zombie_jump_down_200
xanim,ai_zm_dlc4_zombie_jump_down_224
xanim,ai_zm_dlc4_zombie_jump_up_224
xanim,ai_zombie_base_ad_attack_v1
xanim,ai_zombie_base_ad_attack_v2
xanim,ai_zombie_base_ad_attack_v3
xanim,ai_zombie_base_ad_attack_v4
xanim,ai_zombie_base_au_attack_v1
xanim,ai_zombie_base_au_attack_v2
xanim,ai_zombie_base_au_attack_v3
xanim,ai_zombie_base_au_attack_v4
xanim,ai_zombie_base_boardtear_aligned_l_1_grab
xanim,ai_zombie_base_boardtear_aligned_l_1_hold
xanim,ai_zombie_base_boardtear_aligned_l_1_pull
xanim,ai_zombie_base_boardtear_aligned_l_2_grab
xanim,ai_zombie_base_boardtear_aligned_l_2_hold
xanim,ai_zombie_base_boardtear_aligned_l_2_pull
xanim,ai_zombie_base_boardtear_aligned_l_3_grab
xanim,ai_zombie_base_boardtear_aligned_l_3_hold
xanim,ai_zombie_base_boardtear_aligned_l_3_pull
xanim,ai_zombie_base_boardtear_aligned_l_4_grab
xanim,ai_zombie_base_boardtear_aligned_l_4_hold
xanim,ai_zombie_base_boardtear_aligned_l_4_pull
xanim,ai_zombie_base_boardtear_aligned_l_5_grab
xanim,ai_zombie_base_boardtear_aligned_l_5_hold
xanim,ai_zombie_base_boardtear_aligned_l_5_pull
xanim,ai_zombie_base_boardtear_aligned_l_6_grab
xanim,ai_zombie_base_boardtear_aligned_l_6_hold
xanim,ai_zombie_base_boardtear_aligned_l_6_pull
xanim,ai_zombie_base_boardtear_aligned_m_1_grab
xanim,ai_zombie_base_boardtear_aligned_m_1_hold
xanim,ai_zombie_base_boardtear_aligned_m_1_pull
xanim,ai_zombie_base_boardtear_aligned_m_2_grab
xanim,ai_zombie_base_boardtear_aligned_m_2_hold
xanim,ai_zombie_base_boardtear_aligned_m_2_pull
xanim,ai_zombie_base_boardtear_aligned_m_3_grab
xanim,ai_zombie_base_boardtear_aligned_m_3_hold
xanim,ai_zombie_base_boardtear_aligned_m_3_pull
xanim,ai_zombie_base_boardtear_aligned_m_4_grab
xanim,ai_zombie_base_boardtear_aligned_m_4_hold
xanim,ai_zombie_base_boardtear_aligned_m_4_pull
xanim,ai_zombie_base_boardtear_aligned_m_5_grab
xanim,ai_zombie_base_boardtear_aligned_m_5_hold
xanim,ai_zombie_base_boardtear_aligned_m_5_pull
xanim,ai_zombie_base_boardtear_aligned_m_6_grab
xanim,ai_zombie_base_boardtear_aligned_m_6_hold
xanim,ai_zombie_base_boardtear_aligned_m_6_pull
xanim,ai_zombie_base_boardtear_aligned_r_1_grab
xanim,ai_zombie_base_boardtear_aligned_r_1_hold
xanim,ai_zombie_base_boardtear_aligned_r_1_pull
xanim,ai_zombie_base_boardtear_aligned_r_2_grab
xanim,ai_zombie_base_boardtear_aligned_r_2_hold
xanim,ai_zombie_base_boardtear_aligned_r_2_pull
xanim,ai_zombie_base_boardtear_aligned_r_3_grab
xanim,ai_zombie_base_boardtear_aligned_r_3_hold
xanim,ai_zombie_base_boardtear_aligned_r_3_pull
xanim,ai_zombie_base_boardtear_aligned_r_4_grab
xanim,ai_zombie_base_boardtear_aligned_r_4_hold
xanim,ai_zombie_base_boardtear_aligned_r_4_pull
xanim,ai_zombie_base_boardtear_aligned_r_5_grab
xanim,ai_zombie_base_boardtear_aligned_r_5_hold
xanim,ai_zombie_base_boardtear_aligned_r_5_pull
xanim,ai_zombie_base_boardtear_aligned_r_6_grab
xanim,ai_zombie_base_boardtear_aligned_r_6_hold
xanim,ai_zombie_base_boardtear_aligned_r_6_pull
xanim,ai_zombie_base_crawl_attack_v1
xanim,ai_zombie_base_crawl_attack_v2
xanim,ai_zombie_base_crawl_boardtear_aligned_l_1_grab
xanim,ai_zombie_base_crawl_boardtear_aligned_l_1_hold
xanim,ai_zombie_base_crawl_boardtear_aligned_l_1_pull
xanim,ai_zombie_base_crawl_boardtear_aligned_l_2_grab
xanim,ai_zombie_base_crawl_boardtear_aligned_l_2_hold
xanim,ai_zombie_base_crawl_boardtear_aligned_l_2_pull
xanim,ai_zombie_base_crawl_boardtear_aligned_l_3_grab
xanim,ai_zombie_base_crawl_boardtear_aligned_l_3_hold
xanim,ai_zombie_base_crawl_boardtear_aligned_l_3_pull
xanim,ai_zombie_base_crawl_boardtear_aligned_l_4_grab
xanim,ai_zombie_base_crawl_boardtear_aligned_l_4_hold
xanim,ai_zombie_base_crawl_boardtear_aligned_l_4_pull
xanim,ai_zombie_base_crawl_boardtear_aligned_l_5_grab
xanim,ai_zombie_base_crawl_boardtear_aligned_l_5_hold
xanim,ai_zombie_base_crawl_boardtear_aligned_l_5_pull
xanim,ai_zombie_base_crawl_boardtear_aligned_l_6_grab
xanim,ai_zombie_base_crawl_boardtear_aligned_l_6_hold
xanim,ai_zombie_base_crawl_boardtear_aligned_l_6_pull
xanim,ai_zombie_base_crawl_boardtear_aligned_m_1_grab
xanim,ai_zombie_base_crawl_boardtear_aligned_m_1_hold
xanim,ai_zombie_base_crawl_boardtear_aligned_m_1_pull
xanim,ai_zombie_base_crawl_boardtear_aligned_m_2_grab
xanim,ai_zombie_base_crawl_boardtear_aligned_m_2_hold
xanim,ai_zombie_base_crawl_boardtear_aligned_m_2_pull
xanim,ai_zombie_base_crawl_boardtear_aligned_m_3_grab
xanim,ai_zombie_base_crawl_boardtear_aligned_m_3_hold
xanim,ai_zombie_base_crawl_boardtear_aligned_m_3_pull
xanim,ai_zombie_base_crawl_boardtear_aligned_m_4_grab
xanim,ai_zombie_base_crawl_boardtear_aligned_m_4_hold
xanim,ai_zombie_base_crawl_boardtear_aligned_m_4_pull
xanim,ai_zombie_base_crawl_boardtear_aligned_m_5_grab
xanim,ai_zombie_base_crawl_boardtear_aligned_m_5_hold
xanim,ai_zombie_base_crawl_boardtear_aligned_m_5_pull
xanim,ai_zombie_base_crawl_boardtear_aligned_m_6_grab
xanim,ai_zombie_base_crawl_boardtear_aligned_m_6_hold
xanim,ai_zombie_base_crawl_boardtear_aligned_m_6_pull
xanim,ai_zombie_base_crawl_boardtear_aligned_r_1_grab
xanim,ai_zombie_base_crawl_boardtear_aligned_r_1_hold
xanim,ai_zombie_base_crawl_boardtear_aligned_r_1_pull
xanim,ai_zombie_base_crawl_boardtear_aligned_r_2_grab
xanim,ai_zombie_base_crawl_boardtear_aligned_r_2_hold
xanim,ai_zombie_base_crawl_boardtear_aligned_r_2_pull
xanim,ai_zombie_base_crawl_boardtear_aligned_r_3_grab
xanim,ai_zombie_base_crawl_boardtear_aligned_r_3_hold
xanim,ai_zombie_base_crawl_boardtear_aligned_r_3_pull
xanim,ai_zombie_base_crawl_boardtear_aligned_r_4_grab
xanim,ai_zombie_base_crawl_boardtear_aligned_r_4_hold
xanim,ai_zombie_base_crawl_boardtear_aligned_r_4_pull
xanim,ai_zombie_base_crawl_boardtear_aligned_r_5_grab
xanim,ai_zombie_base_crawl_boardtear_aligned_r_5_hold
xanim,ai_zombie_base_crawl_boardtear_aligned_r_5_pull
xanim,ai_zombie_base_crawl_boardtear_aligned_r_6_grab
xanim,ai_zombie_base_crawl_boardtear_aligned_r_6_hold
xanim,ai_zombie_base_crawl_boardtear_aligned_r_6_pull
xanim,ai_zombie_base_crawl_death_v1
xanim,ai_zombie_base_crawl_death_v2
xanim,ai_zombie_base_crawl_idle_v1
xanim,ai_zombie_base_crawl_jump_across_128
xanim,ai_zombie_base_crawl_jump_across_256
xanim,ai_zombie_base_crawl_jump_down_128
xanim,ai_zombie_base_crawl_jump_down_160
xanim,ai_zombie_base_crawl_jump_down_36
xanim,ai_zombie_base_crawl_jump_down_48
xanim,ai_zombie_base_crawl_jump_down_72
xanim,ai_zombie_base_crawl_jump_down_96
xanim,ai_zombie_base_crawl_jump_up_128
xanim,ai_zombie_base_crawl_jump_up_160
xanim,ai_zombie_base_crawl_jump_up_36
xanim,ai_zombie_base_crawl_jump_up_48
xanim,ai_zombie_base_crawl_jump_up_72
xanim,ai_zombie_base_crawl_jump_up_96
xanim,ai_zombie_base_crawl_mantle_over_128
xanim,ai_zombie_base_crawl_mantle_over_36
xanim,ai_zombie_base_crawl_mantle_over_48
xanim,ai_zombie_base_crawl_mantle_over_72
xanim,ai_zombie_base_crawl_mantle_over_96
xanim,ai_zombie_base_crawl_run_win_trav_l_v1
xanim,ai_zombie_base_crawl_run_win_trav_r_v1
xanim,ai_zombie_base_crawl_sprint_v1
xanim,ai_zombie_base_crawl_sprint_v2
xanim,ai_zombie_base_crawl_sprint_v3
xanim,ai_zombie_base_crawl_sprint_win_trav_l_v1
xanim,ai_zombie_base_crawl_sprint_win_trav_r_v1
xanim,ai_zombie_base_crawl_v1
xanim,ai_zombie_base_crawl_v2
xanim,ai_zombie_base_crawl_v3
xanim,ai_zombie_base_crawl_v4
xanim,ai_zombie_base_crawl_v5
xanim,ai_zombie_base_crawl_win_trav_l_v1
xanim,ai_zombie_base_crawl_win_trav_m_v1
xanim,ai_zombie_base_crawl_win_trav_m_v2
xanim,ai_zombie_base_crawl_win_trav_r_v1
xanim,ai_zombie_base_death_v1
xanim,ai_zombie_base_death_v2
xanim,ai_zombie_base_death_v3
xanim,ai_zombie_base_dog_death_front
xanim,ai_zombie_base_dog_death_front_a
xanim,ai_zombie_base_dog_death_hit_back
xanim,ai_zombie_base_dog_death_hit_left
xanim,ai_zombie_base_dog_death_hit_right
xanim,ai_zombie_base_dog_idle
xanim,ai_zombie_base_dog_run
xanim,ai_zombie_base_dog_run_1
xanim,ai_zombie_base_dog_run_2
xanim,ai_zombie_base_dog_run_attack
xanim,ai_zombie_base_dog_run_attack_low
xanim,ai_zombie_base_dog_run_jump_256
xanim,ai_zombie_base_dog_run_start
xanim,ai_zombie_base_dog_run_turn_180_left
xanim,ai_zombie_base_dog_run_turn_180_right
xanim,ai_zombie_base_dog_run_turn_90_left
xanim,ai_zombie_base_dog_run_turn_90_right
xanim,ai_zombie_base_dog_traverse_down_126
xanim,ai_zombie_base_dog_traverse_down_127
xanim,ai_zombie_base_dog_traverse_down_184
xanim,ai_zombie_base_dog_traverse_down_190
xanim,ai_zombie_base_dog_traverse_down_40
xanim,ai_zombie_base_dog_traverse_down_48
xanim,ai_zombie_base_dog_traverse_down_72
xanim,ai_zombie_base_dog_traverse_down_96
xanim,ai_zombie_base_dog_traverse_up_40
xanim,ai_zombie_base_dog_traverse_up_48
xanim,ai_zombie_base_dog_trot
xanim,ai_zombie_base_dog_trot_turn_180_left
xanim,ai_zombie_base_dog_trot_turn_180_right
xanim,ai_zombie_base_dog_trot_turn_90_left
xanim,ai_zombie_base_dog_trot_turn_90_right
xanim,ai_zombie_base_dth_b_id_gun
xanim,ai_zombie_base_dth_b_id_gun_crush
xanim,ai_zombie_base_dth_b_v1
xanim,ai_zombie_base_dth_b_v2
xanim,ai_zombie_base_dth_b_v3
xanim,ai_zombie_base_dth_f_id_gun
xanim,ai_zombie_base_dth_f_id_gun_crush
xanim,ai_zombie_base_dth_f_v1
xanim,ai_zombie_base_dth_f_v10
xanim,ai_zombie_base_dth_f_v11
xanim,ai_zombie_base_dth_f_v12
xanim,ai_zombie_base_dth_f_v13
xanim,ai_zombie_base_dth_f_v2
xanim,ai_zombie_base_dth_f_v3
xanim,ai_zombie_base_dth_f_v4
xanim,ai_zombie_base_dth_f_v5
xanim,ai_zombie_base_dth_f_v6
xanim,ai_zombie_base_dth_f_v7
xanim,ai_zombie_base_dth_f_v8
xanim,ai_zombie_base_dth_f_v9
xanim,ai_zombie_base_dth_l_id_gun
xanim,ai_zombie_base_dth_l_id_gun_crush
xanim,ai_zombie_base_dth_r_id_gun
xanim,ai_zombie_base_dth_r_id_gun_crush
xanim,ai_zombie_base_fast_sprint_01
xanim,ai_zombie_base_fast_sprint_01_pain_chest_f
xanim,ai_zombie_base_fast_sprint_01_pain_chest_f_alt
xanim,ai_zombie_base_fast_sprint_02
xanim,ai_zombie_base_fast_sprint_02_pain_chest_f
xanim,ai_zombie_base_fast_sprint_02_pain_chest_f_alt
xanim,ai_zombie_base_fwd_ad_attack_v1
xanim,ai_zombie_base_fwd_ad_attack_v2
xanim,ai_zombie_base_idle_ad_v1
xanim,ai_zombie_base_idle_au_v1
xanim,ai_zombie_base_jump_across_128
xanim,ai_zombie_base_jump_across_256
xanim,ai_zombie_base_jump_down_128
xanim,ai_zombie_base_jump_down_160
xanim,ai_zombie_base_jump_down_36
xanim,ai_zombie_base_jump_down_48
xanim,ai_zombie_base_jump_down_72
xanim,ai_zombie_base_jump_down_96
xanim,ai_zombie_base_jump_up_128
xanim,ai_zombie_base_jump_up_160
xanim,ai_zombie_base_jump_up_36
xanim,ai_zombie_base_jump_up_48
xanim,ai_zombie_base_jump_up_72
xanim,ai_zombie_base_jump_up_96
xanim,ai_zombie_base_mantle_over_128
xanim,ai_zombie_base_mantle_over_36
xanim,ai_zombie_base_mantle_over_48
xanim,ai_zombie_base_mantle_over_72
xanim,ai_zombie_base_mantle_over_96
xanim,ai_zombie_base_run_ad_attack_v1
xanim,ai_zombie_base_run_ad_attack_v2
xanim,ai_zombie_base_run_ad_attack_v3
xanim,ai_zombie_base_run_ad_attack_v4
xanim,ai_zombie_base_run_ad_sidestep_left_long_a
xanim,ai_zombie_base_run_ad_sidestep_left_long_b
xanim,ai_zombie_base_run_ad_sidestep_left_short_a
xanim,ai_zombie_base_run_ad_sidestep_right_long
xanim,ai_zombie_base_run_ad_sidestep_right_long_a
xanim,ai_zombie_base_run_ad_sidestep_right_short
xanim,ai_zombie_base_run_ad_v1
xanim,ai_zombie_base_run_ad_v11
xanim,ai_zombie_base_run_ad_v11_pain_chest_f
xanim,ai_zombie_base_run_ad_v11_pain_chest_f_alt
xanim,ai_zombie_base_run_ad_v12
xanim,ai_zombie_base_run_ad_v12_pain_chest_f
xanim,ai_zombie_base_run_ad_v12_pain_chest_f_alt
xanim,ai_zombie_base_run_ad_v14
xanim,ai_zombie_base_run_ad_v14_pain_chest_f
xanim,ai_zombie_base_run_ad_v14_pain_chest_f_alt
xanim,ai_zombie_base_run_ad_v1_pain_chest_f
xanim,ai_zombie_base_run_ad_v1_pain_chest_f_alt
xanim,ai_zombie_base_run_ad_v2
xanim,ai_zombie_base_run_ad_v20
xanim,ai_zombie_base_run_ad_v20_pain_chest_f
xanim,ai_zombie_base_run_ad_v20_pain_chest_f_alt
xanim,ai_zombie_base_run_ad_v21
xanim,ai_zombie_base_run_ad_v21_pain_chest_f
xanim,ai_zombie_base_run_ad_v21_pain_chest_f_alt
xanim,ai_zombie_base_run_ad_v22
xanim,ai_zombie_base_run_ad_v22_pain_chest_f
xanim,ai_zombie_base_run_ad_v22_pain_chest_f_alt
xanim,ai_zombie_base_run_ad_v23
xanim,ai_zombie_base_run_ad_v23_pain_chest_f
xanim,ai_zombie_base_run_ad_v23_pain_chest_f_alt
xanim,ai_zombie_base_run_ad_v24
xanim,ai_zombie_base_run_ad_v24_pain_chest_f
xanim,ai_zombie_base_run_ad_v24_pain_chest_f_alt
xanim,ai_zombie_base_run_ad_v2_pain_chest_f
xanim,ai_zombie_base_run_ad_v2_pain_chest_f_alt
xanim,ai_zombie_base_run_ad_v4
xanim,ai_zombie_base_run_ad_v4_pain_chest_f
xanim,ai_zombie_base_run_ad_v4_pain_chest_f_alt
xanim,ai_zombie_base_run_ad_v7
xanim,ai_zombie_base_run_ad_v7_pain_chest_f
xanim,ai_zombie_base_run_ad_v7_pain_chest_f_alt
xanim,ai_zombie_base_run_ad_v8
xanim,ai_zombie_base_run_ad_v8_pain_chest_f
xanim,ai_zombie_base_run_ad_v8_pain_chest_f_alt
xanim,ai_zombie_base_run_ad_win_trav_l_v1
xanim,ai_zombie_base_run_ad_win_trav_m_v1
xanim,ai_zombie_base_run_ad_win_trav_r_v1
xanim,ai_zombie_base_run_au_attack_v1
xanim,ai_zombie_base_run_au_attack_v2
xanim,ai_zombie_base_run_au_attack_v3
xanim,ai_zombie_base_run_au_attack_v4
xanim,ai_zombie_base_run_au_sidestep_left_long_a
xanim,ai_zombie_base_run_au_sidestep_left_long_b
xanim,ai_zombie_base_run_au_sidestep_left_long_c
xanim,ai_zombie_base_run_au_sidestep_left_short
xanim,ai_zombie_base_run_au_sidestep_left_short_a
xanim,ai_zombie_base_run_au_sidestep_left_short_b
xanim,ai_zombie_base_run_au_sidestep_right_long_a
xanim,ai_zombie_base_run_au_sidestep_right_long_b
xanim,ai_zombie_base_run_au_sidestep_right_long_c
xanim,ai_zombie_base_run_au_sidestep_right_short_a
xanim,ai_zombie_base_run_au_sidestep_right_short_b
xanim,ai_zombie_base_run_au_sidestep_right_short_c
xanim,ai_zombie_base_run_au_sidestep_right_short_d
xanim,ai_zombie_base_run_au_v1
xanim,ai_zombie_base_run_au_v11
xanim,ai_zombie_base_run_au_v11_pain_chest_f
xanim,ai_zombie_base_run_au_v11_pain_chest_f_alt
xanim,ai_zombie_base_run_au_v13
xanim,ai_zombie_base_run_au_v13_pain_chest_f
xanim,ai_zombie_base_run_au_v1_pain_chest_f
xanim,ai_zombie_base_run_au_v1_pain_chest_f_alt
xanim,ai_zombie_base_run_au_v2
xanim,ai_zombie_base_run_au_v20
xanim,ai_zombie_base_run_au_v20_pain_chest_f
xanim,ai_zombie_base_run_au_v20_pain_chest_f_alt
xanim,ai_zombie_base_run_au_v21
xanim,ai_zombie_base_run_au_v21_pain_chest_f
xanim,ai_zombie_base_run_au_v21_pain_chest_f_alt
xanim,ai_zombie_base_run_au_v22
xanim,ai_zombie_base_run_au_v22_pain_chest_f
xanim,ai_zombie_base_run_au_v22_pain_chest_f_alt
xanim,ai_zombie_base_run_au_v23
xanim,ai_zombie_base_run_au_v23_pain_chest_f
xanim,ai_zombie_base_run_au_v23_pain_chest_f_alt
xanim,ai_zombie_base_run_au_v24
xanim,ai_zombie_base_run_au_v24_pain_chest_f
xanim,ai_zombie_base_run_au_v24_pain_chest_f_alt
xanim,ai_zombie_base_run_au_v2_pain_chest_f
xanim,ai_zombie_base_run_au_v2_pain_chest_f_alt
xanim,ai_zombie_base_run_au_v4
xanim,ai_zombie_base_run_au_v4_pain_chest_f
xanim,ai_zombie_base_run_au_v4_pain_chest_f_alt
xanim,ai_zombie_base_run_au_v5
xanim,ai_zombie_base_run_au_v5_pain_chest_f
xanim,ai_zombie_base_run_au_v5_pain_chest_f_alt
xanim,ai_zombie_base_run_au_v9
xanim,ai_zombie_base_run_au_v9_pain_chest_f
xanim,ai_zombie_base_run_au_v9_pain_chest_f_alt
xanim,ai_zombie_base_run_au_win_trav_l_v1
xanim,ai_zombie_base_run_au_win_trav_m_v1
xanim,ai_zombie_base_run_au_win_trav_r_v1
xanim,ai_zombie_base_run_jump_down_36
xanim,ai_zombie_base_run_jump_down_48
xanim,ai_zombie_base_run_jump_down_72
xanim,ai_zombie_base_run_jump_down_96
xanim,ai_zombie_base_run_jump_up_36
xanim,ai_zombie_base_run_jump_up_48
xanim,ai_zombie_base_run_jump_up_72
xanim,ai_zombie_base_run_jump_up_96
xanim,ai_zombie_base_run_mantle_over_36
xanim,ai_zombie_base_run_mantle_over_48
xanim,ai_zombie_base_run_mantle_over_72
xanim,ai_zombie_base_run_mantle_over_96
xanim,ai_zombie_base_run_turn_135_l_v2
xanim,ai_zombie_base_run_turn_135_r_v2
xanim,ai_zombie_base_run_turn_180_l_v2
xanim,ai_zombie_base_run_turn_180_r_v2
xanim,ai_zombie_base_run_turn_45_l_v2
xanim,ai_zombie_base_run_turn_45_r_v2
xanim,ai_zombie_base_run_turn_90_l_v3
xanim,ai_zombie_base_run_turn_90_r_v2
xanim,ai_zombie_base_sprint_ad_sidestep_left_long_a
xanim,ai_zombie_base_sprint_ad_sidestep_left_long_b
xanim,ai_zombie_base_sprint_ad_sidestep_left_short_a
xanim,ai_zombie_base_sprint_ad_sidestep_right_long
xanim,ai_zombie_base_sprint_ad_sidestep_right_long_a
xanim,ai_zombie_base_sprint_ad_sidestep_right_long_b
xanim,ai_zombie_base_sprint_ad_sidestep_right_short_a
xanim,ai_zombie_base_sprint_ad_v1
xanim,ai_zombie_base_sprint_ad_v1_pain_chest_f
xanim,ai_zombie_base_sprint_ad_v1_pain_chest_f_alt
xanim,ai_zombie_base_sprint_ad_v2
xanim,ai_zombie_base_sprint_ad_v21
xanim,ai_zombie_base_sprint_ad_v21_pain_chest_f
xanim,ai_zombie_base_sprint_ad_v21_pain_chest_f_alt
xanim,ai_zombie_base_sprint_ad_v22
xanim,ai_zombie_base_sprint_ad_v22_pain_chest_f
xanim,ai_zombie_base_sprint_ad_v22_pain_chest_f_alt
xanim,ai_zombie_base_sprint_ad_v23
xanim,ai_zombie_base_sprint_ad_v23_pain_chest_f
xanim,ai_zombie_base_sprint_ad_v23_pain_chest_f_alt
xanim,ai_zombie_base_sprint_ad_v24
xanim,ai_zombie_base_sprint_ad_v24_pain_chest_f
xanim,ai_zombie_base_sprint_ad_v24_pain_chest_f_alt
xanim,ai_zombie_base_sprint_ad_v2_pain_chest_f
xanim,ai_zombie_base_sprint_ad_v2_pain_chest_f_alt
xanim,ai_zombie_base_sprint_ad_v5
xanim,ai_zombie_base_sprint_ad_v5_pain_chest_f
xanim,ai_zombie_base_sprint_ad_v5_pain_chest_f_alt
xanim,ai_zombie_base_sprint_ad_win_trav_l_v1
xanim,ai_zombie_base_sprint_ad_win_trav_m_v1
xanim,ai_zombie_base_sprint_ad_win_trav_m_v2
xanim,ai_zombie_base_sprint_ad_win_trav_r_v1
xanim,ai_zombie_base_sprint_au_sidestep_left_long_a
xanim,ai_zombie_base_sprint_au_sidestep_left_long_b
xanim,ai_zombie_base_sprint_au_sidestep_left_short_a
xanim,ai_zombie_base_sprint_au_sidestep_left_short_b
xanim,ai_zombie_base_sprint_au_sidestep_right_long_a
xanim,ai_zombie_base_sprint_au_sidestep_right_long_b
xanim,ai_zombie_base_sprint_au_sidestep_right_short_a
xanim,ai_zombie_base_sprint_au_sidestep_right_short_b
xanim,ai_zombie_base_sprint_au_v1
xanim,ai_zombie_base_sprint_au_v1_pain_chest_f
xanim,ai_zombie_base_sprint_au_v1_pain_chest_f_alt
xanim,ai_zombie_base_sprint_au_v2
xanim,ai_zombie_base_sprint_au_v20
xanim,ai_zombie_base_sprint_au_v20_pain_chest_f
xanim,ai_zombie_base_sprint_au_v20_pain_chest_f_alt
xanim,ai_zombie_base_sprint_au_v21
xanim,ai_zombie_base_sprint_au_v21_pain_chest_f
xanim,ai_zombie_base_sprint_au_v21_pain_chest_f_alt
xanim,ai_zombie_base_sprint_au_v22
xanim,ai_zombie_base_sprint_au_v22_pain_chest_f
xanim,ai_zombie_base_sprint_au_v22_pain_chest_f_alt
xanim,ai_zombie_base_sprint_au_v25
xanim,ai_zombie_base_sprint_au_v25_pain_chest_f
xanim,ai_zombie_base_sprint_au_v25_pain_chest_f_alt
xanim,ai_zombie_base_sprint_au_v2_pain_chest_f
xanim,ai_zombie_base_sprint_au_v2_pain_chest_f_alt
xanim,ai_zombie_base_sprint_au_win_trav_l_v1
xanim,ai_zombie_base_sprint_au_win_trav_m_v1
xanim,ai_zombie_base_sprint_au_win_trav_m_v2
xanim,ai_zombie_base_sprint_au_win_trav_r_v1
xanim,ai_zombie_base_sprint_turn_135_l_v2
xanim,ai_zombie_base_sprint_turn_135_r_v2
xanim,ai_zombie_base_sprint_turn_180_l_v2
xanim,ai_zombie_base_sprint_turn_180_r_v3
xanim,ai_zombie_base_sprint_turn_45_l_v2
xanim,ai_zombie_base_sprint_turn_45_r_v2
xanim,ai_zombie_base_sprint_turn_90_l_v2
xanim,ai_zombie_base_sprint_turn_90_r_v2
xanim,ai_zombie_base_supersprint_ad_v1
xanim,ai_zombie_base_supersprint_ad_v2
xanim,ai_zombie_base_supersprint_au_v1
xanim,ai_zombie_base_supersprint_au_v2
xanim,ai_zombie_base_taunts_v1
xanim,ai_zombie_base_taunts_v2
xanim,ai_zombie_base_taunts_v3
xanim,ai_zombie_base_taunts_v4
xanim,ai_zombie_base_taunts_v5
xanim,ai_zombie_base_taunts_v6
xanim,ai_zombie_base_taunts_v7
xanim,ai_zombie_base_taunts_v8
xanim,ai_zombie_base_taunts_v9
xanim,ai_zombie_base_traverse_procedural_idle
xanim,ai_zombie_base_traverse_procedural_idle_alt1
xanim,ai_zombie_base_traverse_procedural_idle_alt2
xanim,ai_zombie_base_traverse_procedural_jump
xanim,ai_zombie_base_traverse_procedural_jump_alt1
xanim,ai_zombie_base_traverse_procedural_jump_alt2
xanim,ai_zombie_base_traverse_procedural_land
xanim,ai_zombie_base_traverse_procedural_land_alt1
xanim,ai_zombie_base_traverse_procedural_land_alt2
xanim,ai_zombie_base_walk_ad_attack_v1
xanim,ai_zombie_base_walk_ad_attack_v2
xanim,ai_zombie_base_walk_ad_attack_v3
xanim,ai_zombie_base_walk_ad_attack_v4
xanim,ai_zombie_base_walk_ad_sidestep_left_long_b
xanim,ai_zombie_base_walk_ad_sidestep_left_short
xanim,ai_zombie_base_walk_ad_sidestep_left_short_b
xanim,ai_zombie_base_walk_ad_sidestep_right_a
xanim,ai_zombie_base_walk_ad_sidestep_right_long_a
xanim,ai_zombie_base_walk_ad_sidestep_right_long_b
xanim,ai_zombie_base_walk_ad_sidestep_right_short
xanim,ai_zombie_base_walk_ad_sidestep_right_short_a
xanim,ai_zombie_base_walk_ad_v1
xanim,ai_zombie_base_walk_ad_v19
xanim,ai_zombie_base_walk_ad_v19_pain_chest_f
xanim,ai_zombie_base_walk_ad_v19_pain_chest_f_alt
xanim,ai_zombie_base_walk_ad_v1_pain_chest_f
xanim,ai_zombie_base_walk_ad_v1_pain_chest_f_alt
xanim,ai_zombie_base_walk_ad_v2
xanim,ai_zombie_base_walk_ad_v20
xanim,ai_zombie_base_walk_ad_v20_pain_chest_f
xanim,ai_zombie_base_walk_ad_v20_pain_chest_f_alt
xanim,ai_zombie_base_walk_ad_v21
xanim,ai_zombie_base_walk_ad_v21_pain_chest_f
xanim,ai_zombie_base_walk_ad_v21_pain_chest_f_alt
xanim,ai_zombie_base_walk_ad_v22
xanim,ai_zombie_base_walk_ad_v22_pain_chest_f
xanim,ai_zombie_base_walk_ad_v22_pain_chest_f_alt
xanim,ai_zombie_base_walk_ad_v23
xanim,ai_zombie_base_walk_ad_v23_pain_chest_f
xanim,ai_zombie_base_walk_ad_v23_pain_chest_f_alt
xanim,ai_zombie_base_walk_ad_v24
xanim,ai_zombie_base_walk_ad_v24_pain_chest_f
xanim,ai_zombie_base_walk_ad_v24_pain_chest_f_alt
xanim,ai_zombie_base_walk_ad_v25
xanim,ai_zombie_base_walk_ad_v25_pain_chest_f
xanim,ai_zombie_base_walk_ad_v25_pain_chest_f_alt
xanim,ai_zombie_base_walk_ad_v2_pain_chest_f
xanim,ai_zombie_base_walk_ad_v2_pain_chest_f_alt
xanim,ai_zombie_base_walk_ad_v3
xanim,ai_zombie_base_walk_ad_v3_pain_chest_f
xanim,ai_zombie_base_walk_ad_v3_pain_chest_f_alt
xanim,ai_zombie_base_walk_ad_v4
xanim,ai_zombie_base_walk_ad_v4_pain_chest_f
xanim,ai_zombie_base_walk_ad_v4_pain_chest_f_alt
xanim,ai_zombie_base_walk_ad_v5
xanim,ai_zombie_base_walk_ad_v5_pain_chest_f
xanim,ai_zombie_base_walk_ad_v5_pain_chest_f_alt
xanim,ai_zombie_base_walk_ad_v6
xanim,ai_zombie_base_walk_ad_v6_pain_chest_f
xanim,ai_zombie_base_walk_ad_v6_pain_chest_f_alt
xanim,ai_zombie_base_walk_ad_v7
xanim,ai_zombie_base_walk_ad_v7_pain_chest_f
xanim,ai_zombie_base_walk_ad_v7_pain_chest_f_alt
xanim,ai_zombie_base_walk_ad_win_trav_l_v1
xanim,ai_zombie_base_walk_ad_win_trav_m_v1
xanim,ai_zombie_base_walk_ad_win_trav_m_v2
xanim,ai_zombie_base_walk_ad_win_trav_m_v3
xanim,ai_zombie_base_walk_ad_win_trav_r_v1
xanim,ai_zombie_base_walk_au_attack_v1
xanim,ai_zombie_base_walk_au_attack_v2
xanim,ai_zombie_base_walk_au_attack_v3
xanim,ai_zombie_base_walk_au_attack_v4
xanim,ai_zombie_base_walk_au_pain_head_v1
xanim,ai_zombie_base_walk_au_pain_legs_v1
xanim,ai_zombie_base_walk_au_pain_torso_v1
xanim,ai_zombie_base_walk_au_sidestep_left_long
xanim,ai_zombie_base_walk_au_sidestep_left_long_d
xanim,ai_zombie_base_walk_au_sidestep_left_short
xanim,ai_zombie_base_walk_au_sidestep_right_b
xanim,ai_zombie_base_walk_au_sidestep_right_short
xanim,ai_zombie_base_walk_au_v1
xanim,ai_zombie_base_walk_au_v10
xanim,ai_zombie_base_walk_au_v10_pain_chest_f
xanim,ai_zombie_base_walk_au_v10_pain_chest_f_alt
xanim,ai_zombie_base_walk_au_v11
xanim,ai_zombie_base_walk_au_v11_pain_chest_f
xanim,ai_zombie_base_walk_au_v11_pain_chest_f_alt
xanim,ai_zombie_base_walk_au_v12
xanim,ai_zombie_base_walk_au_v12_pain_chest_f
xanim,ai_zombie_base_walk_au_v12_pain_chest_f_alt
xanim,ai_zombie_base_walk_au_v13
xanim,ai_zombie_base_walk_au_v13_pain_chest_f
xanim,ai_zombie_base_walk_au_v13_pain_chest_f_alt
xanim,ai_zombie_base_walk_au_v15
xanim,ai_zombie_base_walk_au_v15_pain_chest_f
xanim,ai_zombie_base_walk_au_v15_pain_chest_f_alt
xanim,ai_zombie_base_walk_au_v1_pain_chest_f
xanim,ai_zombie_base_walk_au_v1_pain_chest_f_alt
xanim,ai_zombie_base_walk_au_v2
xanim,ai_zombie_base_walk_au_v20
xanim,ai_zombie_base_walk_au_v20_pain_chest_f
xanim,ai_zombie_base_walk_au_v20_pain_chest_f_alt
xanim,ai_zombie_base_walk_au_v21
xanim,ai_zombie_base_walk_au_v21_pain_chest_f
xanim,ai_zombie_base_walk_au_v21_pain_chest_f_alt
xanim,ai_zombie_base_walk_au_v23
xanim,ai_zombie_base_walk_au_v23_pain_chest_f
xanim,ai_zombie_base_walk_au_v23_pain_chest_f_alt
xanim,ai_zombie_base_walk_au_v2_pain_chest_f
xanim,ai_zombie_base_walk_au_v2_pain_chest_f_alt
xanim,ai_zombie_base_walk_au_v3
xanim,ai_zombie_base_walk_au_v3_pain_chest_f
xanim,ai_zombie_base_walk_au_v3_pain_chest_f_alt
xanim,ai_zombie_base_walk_au_v4
xanim,ai_zombie_base_walk_au_v4_pain_chest_f
xanim,ai_zombie_base_walk_au_v4_pain_chest_f_alt
xanim,ai_zombie_base_walk_au_v5
xanim,ai_zombie_base_walk_au_v5_pain_chest_f
xanim,ai_zombie_base_walk_au_v5_pain_chest_f_alt
xanim,ai_zombie_base_walk_au_v6
xanim,ai_zombie_base_walk_au_v6_pain_chest_f
xanim,ai_zombie_base_walk_au_v6_pain_chest_f_alt
xanim,ai_zombie_base_walk_au_v7
xanim,ai_zombie_base_walk_au_v7_pain_chest_f
xanim,ai_zombie_base_walk_au_v7_pain_chest_f_alt
xanim,ai_zombie_base_walk_au_v8
xanim,ai_zombie_base_walk_au_v8_pain_chest_f
xanim,ai_zombie_base_walk_au_v8_pain_chest_f_alt
xanim,ai_zombie_base_walk_au_win_trav_l_v1
xanim,ai_zombie_base_walk_au_win_trav_m_v1
xanim,ai_zombie_base_walk_au_win_trav_m_v2
xanim,ai_zombie_base_walk_au_win_trav_m_v3
xanim,ai_zombie_base_walk_au_win_trav_r_v1
xanim,ai_zombie_base_walk_turn_135_l_v3
xanim,ai_zombie_base_walk_turn_135_r_v2
xanim,ai_zombie_base_walk_turn_180_l_v3
xanim,ai_zombie_base_walk_turn_180_r_v3
xanim,ai_zombie_base_walk_turn_45_l_v2
xanim,ai_zombie_base_walk_turn_45_r_v2
xanim,ai_zombie_base_walk_turn_90_l_v2
xanim,ai_zombie_base_walk_turn_90_r_v2
xanim,ai_zombie_base_win_attack_arm_l_out
xanim,ai_zombie_base_win_attack_arm_r_out
xanim,ai_zombie_cp_crawl_jump_up_128_down_32
xanim,ai_zombie_cp_jump_up_128_down_32
xanim,ai_zombie_zod_crawl_stunned_electrobolt_a
xanim,ai_zombie_zod_crawl_stunned_electrobolt_b
xanim,ai_zombie_zod_crawl_stunned_electrobolt_c
xanim,ai_zombie_zod_crawl_stunned_electrobolt_d
xanim,ai_zombie_zod_crawl_stunned_electrobolt_e
xanim,ai_zombie_zod_margwa_smash_react_b_deadfallknee
xanim,ai_zombie_zod_margwa_smash_react_b_faceplant
xanim,ai_zombie_zod_margwa_smash_react_b_forwardtoface
xanim,ai_zombie_zod_margwa_smash_react_f
xanim,ai_zombie_zod_margwa_smash_react_f_doublebounce
xanim,ai_zombie_zod_margwa_smash_react_f_flatonback
xanim,ai_zombie_zod_margwa_smash_react_f_upontoback
xanim,ai_zombie_zod_margwa_smash_react_getup
xanim,ai_zombie_zod_margwa_smash_react_getup_a
xanim,ai_zombie_zod_margwa_smash_react_getup_b
xanim,ai_zombie_zod_margwa_smash_react_getup_c
xanim,ai_zombie_zod_margwa_smash_react_getup_quick_b
xanim,ai_zombie_zod_margwa_smash_react_getup_quick_c
xanim,ai_zombie_zod_margwa_smash_react_l_jackiespinright
xanim,ai_zombie_zod_margwa_smash_react_l_legsoutright
xanim,ai_zombie_zod_margwa_smash_react_r_jackiespinleft
xanim,ai_zombie_zod_margwa_smash_react_r_legsoutleft
xanim,ai_zombie_zod_stunned_electrobolt_a
xanim,ai_zombie_zod_stunned_electrobolt_b
xanim,ai_zombie_zod_stunned_electrobolt_c
xanim,ai_zombie_zod_stunned_electrobolt_d
xanim,ai_zombie_zod_stunned_electrobolt_e
xanim,rtrg_ai_zm_dlc1_zombie_crawl_lowg_v1
xanim,rtrg_ai_zm_dlc1_zombie_crawl_lowg_v2
xanim,rtrg_ai_zm_dlc1_zombie_crawl_lowg_v3
xanim,rtrg_ai_zm_dlc1_zombie_run_lowg_v1
xanim,rtrg_ai_zm_dlc1_zombie_run_lowg_v2
xanim,rtrg_ai_zm_dlc1_zombie_run_lowg_v3
xanim,rtrg_ai_zm_dlc1_zombie_run_lowg_v4
xanim,rtrg_ai_zm_dlc1_zombie_sprint_lowg_v1
xanim,rtrg_ai_zm_dlc1_zombie_sprint_lowg_v2
xanim,rtrg_ai_zm_dlc1_zombie_sprint_lowg_v3
xanim,rtrg_ai_zm_dlc1_zombie_sprint_lowg_v4
xanim,rtrg_ai_zm_dlc1_zombie_walk_lowg_v1
xanim,rtrg_ai_zm_dlc1_zombie_walk_lowg_v2
xanim,rtrg_ai_zm_dlc1_zombie_walk_lowg_v3
xanim,rtrg_ai_zm_dlc1_zombie_walk_lowg_v4
xmodel,c_t6_default_character_fb
xmodel,c_zom_der_hellhound_fb
xmodel,c_zom_zod_zombie_body1_g_behead
xmodel,c_zom_zod_zombie_body1_g_blegsoff
xmodel,c_zom_zod_zombie_body1_g_llegoff
xmodel,c_zom_zod_zombie_body1_g_lowclean
xmodel,c_zom_zod_zombie_body1_g_rlegoff
xmodel,c_zom_zod_zombie_body2
xmodel,c_zom_zod_zombie_body2_g_larmoff
xmodel,c_zom_zod_zombie_body2_g_rarmoff
xmodel,c_zom_zod_zombie_body2_g_upclean
xmodel,c_zom_zod_zombie_body2_tie
xmodel,c_zom_zod_zombie_fem_body1_g_larmspawn
xmodel,c_zom_zod_zombie_fem_body1_g_llegspawn
xmodel,c_zom_zod_zombie_fem_body1_g_rarmspawn
xmodel,c_zom_zod_zombie_fem_body1_g_rlegspawn
xmodel,c_zom_zod_zombie_hat1
xmodel,c_zom_zod_zombie_hat2
xmodel,c_zom_zod_zombie_head2
xmodel,p7_3d_printer_safehouse_01_computer
xmodel,p7_bench_wood_curveback
xmodel,p7_bottle_plastic_cleaner_toilet
xmodel,p7_cai_poster_frame_theater_blank
xmodel,p7_cart_laundry
xmodel,p7_chair_office_modern
xmodel,p7_cleaning_paper_toilet
xmodel,p7_consumer_grade_monitor_4_panel_small
xmodel,p7_debris_bath_towels_01
xmodel,p7_door_frame_wood_global_01_single_lt_white
xmodel,p7_door_frame_wood_global_01_single_rt_white
xmodel,p7_door_mat_coir_01
xmodel,p7_door_wood_global_01_lt_white
xmodel,p7_door_wood_global_01_rt_white
xmodel,p7_duct_metal_circular_vent
xmodel,p7_foliage_bush_sakaki_thick_01_sway
xmodel,p7_furniture_couch_small
xmodel,p7_fxanim_gp_trash_paper_toilet_roll_01_s3_mod
xmodel,p7_gym_equipment_bench_01
xmodel,p7_gym_equipment_rack_01
xmodel,p7_gym_equipment_straight_bar_01
xmodel,p7_ladder_metal_secured_128
xmodel,p7_ladder_metal_secured_cap
xmodel,p7_light_led_bulb
xmodel,p7_light_metal_recessed
xmodel,p7_pro_desk_control_tower_security
xmodel,p7_sink_bathroom
xmodel,p7_television_wall_xl
xmodel,p7_theater_concession_stand_mid
xmodel,p7_toilet_bathroom
xmodel,p7_trash_bin_small_01_black
xmodel,p7_trashcan_modern_worn
xmodel,p7_trashcan_street_metal_closed
xmodel,p7_trashcan_street_metal_lid_01
xmodel,p7_washing_machine
xmodel,p7_zm_der_light_bulb_small
xmodel,p7_zm_der_pswitch_body
xmodel,p7_zm_der_pswitch_handle
xmodel,p7_zm_zod_gutter_downspout
xmodel,p7_zm_zod_gutter_downspout_02
xmodel,p7_zm_zod_gutter_funnel
xmodel,p7_zm_zod_gutter_section_128
xmodel,p7_zm_zod_gutter_section_64
xmodel,p7_zm_zod_gutter_section_bracket
xmodel,p7_zm_zod_gutter_section_cap
xmodel,p7_zm_zod_gutter_section_spout_16
xmodel,p7_zm_zod_gutter_section_spout_32
xmodel,p7_zm_zod_gutter_section_spout_bracket
xmodel,skybox_default_black
xmodel,skybox_default_day
xmodel,skybox_mp_spire3_override
xmodelmesh,c_c_zom_der_hellhound_lod06853f3e4
xmodelmesh,c_c_zom_der_hellhound_lod11b9d2cd4
xmodelmesh,c_c_zom_der_hellhound_lod2667ec587
xmodelmesh,c_c_zom_der_hellhound_lod3d9ffaf9f
xmodelmesh,c_c_zom_der_hellhound_lod46c92a12
xmodelmesh,c_t6_default_character_fb_lod0e784d165
xmodelmesh,c_zom_zod_zombie_body1_g_behead_lod039d28f97
xmodelmesh,c_zom_zod_zombie_body1_g_behead_lod1aa9d744e
xmodelmesh,c_zom_zod_zombie_body1_g_behead_lod2f895625b
xmodelmesh,c_zom_zod_zombie_body1_g_behead_lod3b88bbf7a
xmodelmesh,c_zom_zod_zombie_body1_g_behead_lod43e60b7ab
xmodelmesh,c_zom_zod_zombie_body1_g_behead_lod596fa0fb5
xmodelmesh,c_zom_zod_zombie_body1_g_behead_lod68f7c355
xmodelmesh,c_zom_zod_zombie_body1_g_behead_lod78f7c355
xmodelmesh,c_zom_zod_zombie_body1_g_blegsoff_lod0ee2305be
xmodelmesh,c_zom_zod_zombie_body1_g_blegsoff_lod1304a0fb7
xmodelmesh,c_zom_zod_zombie_body1_g_blegsoff_lod24026a823
xmodelmesh,c_zom_zod_zombie_body1_g_blegsoff_lod3381a861c
xmodelmesh,c_zom_zod_zombie_body1_g_blegsoff_lod43f9d4fea
xmodelmesh,c_zom_zod_zombie_body1_g_blegsoff_lod5822aa6b0
xmodelmesh,c_zom_zod_zombie_body1_g_blegsoff_lod64fe6c93a
xmodelmesh,c_zom_zod_zombie_body1_g_blegsoff_lod764a51122
xmodelmesh,c_zom_zod_zombie_body1_g_llegoff_lod0e1d03682
xmodelmesh,c_zom_zod_zombie_body1_g_llegoff_lod1ce930162
xmodelmesh,c_zom_zod_zombie_body1_g_llegoff_lod2bc987d21
xmodelmesh,c_zom_zod_zombie_body1_g_llegoff_lod322fc340
xmodelmesh,c_zom_zod_zombie_body1_g_llegoff_lod429caf76b
xmodelmesh,c_zom_zod_zombie_body1_g_llegoff_lod562324d05
xmodelmesh,c_zom_zod_zombie_body1_g_llegoff_lod6db31e2b7
xmodelmesh,c_zom_zod_zombie_body1_g_llegoff_lod7d6519c5c
xmodelmesh,c_zom_zod_zombie_body1_g_lowclean_lod06cac909f
xmodelmesh,c_zom_zod_zombie_body1_g_lowclean_lod1f25806e5
xmodelmesh,c_zom_zod_zombie_body1_g_lowclean_lod2973c6c94
xmodelmesh,c_zom_zod_zombie_body1_g_lowclean_lod3b2d594d2
xmodelmesh,c_zom_zod_zombie_body1_g_lowclean_lod41e3ed879
xmodelmesh,c_zom_zod_zombie_body1_g_lowclean_lod568e5ea8
xmodelmesh,c_zom_zod_zombie_body1_g_lowclean_lod640b8dca
xmodelmesh,c_zom_zod_zombie_body1_g_lowclean_lod73f2e205a
xmodelmesh,c_zom_zod_zombie_body1_g_rlegoff_lod0a4f47470
xmodelmesh,c_zom_zod_zombie_body1_g_rlegoff_lod1c9ced236
xmodelmesh,c_zom_zod_zombie_body1_g_rlegoff_lod2b1c2340d
xmodelmesh,c_zom_zod_zombie_body1_g_rlegoff_lod3fd8f9c43
xmodelmesh,c_zom_zod_zombie_body1_g_rlegoff_lod486de2eb0
xmodelmesh,c_zom_zod_zombie_body1_g_rlegoff_lod5df698e3b
xmodelmesh,c_zom_zod_zombie_body1_g_rlegoff_lod69d509b4c
xmodelmesh,c_zom_zod_zombie_body1_g_rlegoff_lod798abb1f1
xmodelmesh,c_zom_zod_zombie_body2_g_larmoff_lod0aed7e390
xmodelmesh,c_zom_zod_zombie_body2_g_larmoff_lod173d52f7d
xmodelmesh,c_zom_zod_zombie_body2_g_larmoff_lod2ec821d9e
xmodelmesh,c_zom_zod_zombie_body2_g_larmoff_lod3b959de5b
xmodelmesh,c_zom_zod_zombie_body2_g_larmoff_lod4f269de17
xmodelmesh,c_zom_zod_zombie_body2_g_larmoff_lod535d464b0
xmodelmesh,c_zom_zod_zombie_body2_g_larmoff_lod6bdf4d12f
xmodelmesh,c_zom_zod_zombie_body2_g_larmoff_lod7337f9bb6
xmodelmesh,c_zom_zod_zombie_body2_g_rarmoff_lod061d780d9
xmodelmesh,c_zom_zod_zombie_body2_g_rarmoff_lod1572eb735
xmodelmesh,c_zom_zod_zombie_body2_g_rarmoff_lod25930ae24
xmodelmesh,c_zom_zod_zombie_body2_g_rarmoff_lod3bf514cf7
xmodelmesh,c_zom_zod_zombie_body2_g_rarmoff_lod47f40343d
xmodelmesh,c_zom_zod_zombie_body2_g_rarmoff_lod577752a49
xmodelmesh,c_zom_zod_zombie_body2_g_rarmoff_lod649f6cf1a
xmodelmesh,c_zom_zod_zombie_body2_g_rarmoff_lod7ef34351d
xmodelmesh,c_zom_zod_zombie_body2_g_upclean_lod08db33928
xmodelmesh,c_zom_zod_zombie_body2_g_upclean_lod15d0cf016
xmodelmesh,c_zom_zod_zombie_body2_g_upclean_lod281a8fb30
xmodelmesh,c_zom_zod_zombie_body2_g_upclean_lod3c3c998f4
xmodelmesh,c_zom_zod_zombie_body2_g_upclean_lod4aeed9838
xmodelmesh,c_zom_zod_zombie_body2_g_upclean_lod5bd893657
xmodelmesh,c_zom_zod_zombie_body2_g_upclean_lod69a7dec5a
xmodelmesh,c_zom_zod_zombie_body2_g_upclean_lod7c172a3e
xmodelmesh,c_zom_zod_zombie_body2_lod0556b2598
xmodelmesh,c_zom_zod_zombie_body2_lod136646cc4
xmodelmesh,c_zom_zod_zombie_body2_lod2bdb41dab
xmodelmesh,c_zom_zod_zombie_body2_lod362a6daf2
xmodelmesh,c_zom_zod_zombie_body2_lod4bdaa0939
xmodelmesh,c_zom_zod_zombie_body2_lod55b30f726
xmodelmesh,c_zom_zod_zombie_body2_lod669813e55
xmodelmesh,c_zom_zod_zombie_body2_lod7ff972af
xmodelmesh,c_zom_zod_zombie_body2_tie_lod0a678e8ae
xmodelmesh,c_zom_zod_zombie_body2_tie_lod1f0eb32be
xmodelmesh,c_zom_zod_zombie_body2_tie_lod2f2d8fe49
xmodelmesh,c_zom_zod_zombie_body2_tie_lod31d19e390
xmodelmesh,c_zom_zod_zombie_body2_tie_lod42490fc6c
xmodelmesh,c_zom_zod_zombie_body2_tie_lod5175310e
xmodelmesh,c_zom_zod_zombie_body2_tie_lod6175310e
xmodelmesh,c_zom_zod_zombie_body2_tie_lod7175310e
xmodelmesh,c_zom_zod_zombie_fem_body1_g_larmspawn_lod0504c0b52
xmodelmesh,c_zom_zod_zombie_fem_body1_g_larmspawn_lod0539c617e
xmodelmesh,c_zom_zod_zombie_fem_body1_g_larmspawn_lod0567f2c88
xmodelmesh,c_zom_zod_zombie_fem_body1_g_larmspawn_lod06611811f
xmodelmesh,c_zom_zod_zombie_fem_body1_g_larmspawn_lod071ee3647
xmodelmesh,c_zom_zod_zombie_fem_body1_g_larmspawn_lod0b5e99667
xmodelmesh,c_zom_zod_zombie_fem_body1_g_larmspawn_lod0e0592c13
xmodelmesh,c_zom_zod_zombie_fem_body1_g_larmspawn_lod0f35667dd
xmodelmesh,c_zom_zod_zombie_fem_body1_g_llegspawn_lod02a259e13
xmodelmesh,c_zom_zod_zombie_fem_body1_g_llegspawn_lod034c88b59
xmodelmesh,c_zom_zod_zombie_fem_body1_g_llegspawn_lod041c78fa2
xmodelmesh,c_zom_zod_zombie_fem_body1_g_llegspawn_lod044d1d262
xmodelmesh,c_zom_zod_zombie_fem_body1_g_llegspawn_lod056fb478
xmodelmesh,c_zom_zod_zombie_fem_body1_g_llegspawn_lod0cb3aa1bd
xmodelmesh,c_zom_zod_zombie_fem_body1_g_llegspawn_lod0d8f17acf
xmodelmesh,c_zom_zod_zombie_fem_body1_g_llegspawn_lod0ed640c28
xmodelmesh,c_zom_zod_zombie_fem_body1_g_rarmspawn_lod015c23f93
xmodelmesh,c_zom_zod_zombie_fem_body1_g_rarmspawn_lod02f5eed13
xmodelmesh,c_zom_zod_zombie_fem_body1_g_rarmspawn_lod05223ef7a
xmodelmesh,c_zom_zod_zombie_fem_body1_g_rarmspawn_lod075527b40
xmodelmesh,c_zom_zod_zombie_fem_body1_g_rarmspawn_lod08155b704
xmodelmesh,c_zom_zod_zombie_fem_body1_g_rarmspawn_lod08fd8a2fc
xmodelmesh,c_zom_zod_zombie_fem_body1_g_rarmspawn_lod0be021e3f
xmodelmesh,c_zom_zod_zombie_fem_body1_g_rarmspawn_lod0cc3184d5
xmodelmesh,c_zom_zod_zombie_fem_body1_g_rlegspawn_lod01414fc82
xmodelmesh,c_zom_zod_zombie_fem_body1_g_rlegspawn_lod019d1b9e0
xmodelmesh,c_zom_zod_zombie_fem_body1_g_rlegspawn_lod03da2116b
xmodelmesh,c_zom_zod_zombie_fem_body1_g_rlegspawn_lod053f29eef
xmodelmesh,c_zom_zod_zombie_fem_body1_g_rlegspawn_lod0c5acd6f
xmodelmesh,c_zom_zod_zombie_fem_body1_g_rlegspawn_lod0c7aec304
xmodelmesh,c_zom_zod_zombie_fem_body1_g_rlegspawn_lod0d0f95c7e
xmodelmesh,c_zom_zod_zombie_fem_body1_g_rlegspawn_lod0e81c06d8
xmodelmesh,c_zom_zod_zombie_hat1_lod0aadd3192
xmodelmesh,c_zom_zod_zombie_hat1_lod15949c78d
xmodelmesh,c_zom_zod_zombie_hat1_lod21a97504f
xmodelmesh,c_zom_zod_zombie_hat1_lod39a4ed088
xmodelmesh,c_zom_zod_zombie_hat1_lod41617fcd6
xmodelmesh,c_zom_zod_zombie_hat1_lod5f05c5510
xmodelmesh,c_zom_zod_zombie_hat1_lod61a62bfb
xmodelmesh,c_zom_zod_zombie_hat1_lod71a62bfb
xmodelmesh,c_zom_zod_zombie_hat2_lod07f400382
xmodelmesh,c_zom_zod_zombie_hat2_lod17f400382
xmodelmesh,c_zom_zod_zombie_hat2_lod2e1b15290
xmodelmesh,c_zom_zod_zombie_hat2_lod35b1e6192
xmodelmesh,c_zom_zod_zombie_hat2_lod4a731e41b
xmodelmesh,c_zom_zod_zombie_hat2_lod5e963b9b4
xmodelmesh,c_zom_zod_zombie_hat2_lod6514c6270
xmodelmesh,c_zom_zod_zombie_hat2_lod737168b1d
xmodelmesh,c_zom_zod_zombie_head2_lod04cbaaa01
xmodelmesh,c_zom_zod_zombie_head2_lod17086645
xmodelmesh,c_zom_zod_zombie_head2_lod29febaba6
xmodelmesh,c_zom_zod_zombie_head2_lod3845816f
xmodelmesh,c_zom_zod_zombie_head2_lod416afc3a9
xmodelmesh,c_zom_zod_zombie_head2_lod58329bbb3
xmodelmesh,c_zom_zod_zombie_head2_lod683d51312
xmodelmesh,c_zom_zod_zombie_head2_lod7ef127ce7
xmodelmesh,p7_3d_printer_safehouse_01_computer_lod0544556dd
xmodelmesh,p7_3d_printer_safehouse_01_computer_lod1c9483243
xmodelmesh,p7_bench_wood_curveback_lod070d80865
xmodelmesh,p7_bench_wood_curveback_lod0b639fc9d
xmodelmesh,p7_bench_wood_curveback_lod0c041cb87
xmodelmesh,p7_bench_wood_curveback_lod0db84c5b5
xmodelmesh,p7_bottle_plastic_cleaner_toilet_lod011a873e6
xmodelmesh,p7_bottle_plastic_cleaner_toilet_lod1d116157e
xmodelmesh,p7_bottle_plastic_cleaner_toilet_lod2582f56b
xmodelmesh,p7_bottle_plastic_cleaner_toilet_lod295749ade
xmodelmesh,p7_bottle_plastic_cleaner_toilet_lod2a8f34b0a
xmodelmesh,p7_bottle_plastic_cleaner_toilet_lod2c29e6cf
xmodelmesh,p7_bottle_plastic_cleaner_toilet_lod2c3c1d93d
xmodelmesh,p7_cart_laundry_lod046621813
xmodelmesh,p7_cart_laundry_lod1acbf878f
xmodelmesh,p7_cart_laundry_lod2b5209611
xmodelmesh,p7_cart_laundry_lod390ad449e
xmodelmesh,p7_cart_laundry_lod4349b4fb7
xmodelmesh,p7_cart_laundry_lod439ec2e80
xmodelmesh,p7_cart_laundry_lod4ac56a74c
xmodelmesh,p7_cart_laundry_lod4f6f793d3
xmodelmesh,p7_chair_office_modern_colf8069745
xmodelmesh,p7_chair_office_modern_lod0186d449f
xmodelmesh,p7_chair_office_modern_lod02c0eac69
xmodelmesh,p7_chair_office_modern_lod0792bcb47
xmodelmesh,p7_chair_office_modern_lod09bee345
xmodelmesh,p7_chair_office_modern_lod0b10d85d3
xmodelmesh,p7_chair_office_modern_lod0e9954f
xmodelmesh,p7_chair_office_modern_lod0e9dce81e
xmodelmesh,p7_chair_office_modern_lod0fc932149
xmodelmesh,p7_cleaning_paper_toilet_col922ef2a6
xmodelmesh,p7_cleaning_paper_toilet_lod0c21fca69
xmodelmesh,p7_cleaning_paper_toilet_lod12cb4cfe8
xmodelmesh,p7_cleaning_paper_toilet_lod2e148afa9
xmodelmesh,p7_cleaning_paper_toilet_lod327f5c5d0
xmodelmesh,p7_cleaning_paper_toilet_lod366d78e8b
xmodelmesh,p7_cleaning_paper_toilet_lod3de2582c6
xmodelmesh,p7_consumer_grade_monitor_4_panel_small_lod02eb4aea4
xmodelmesh,p7_consumer_grade_monitor_4_panel_small_lod03a48483d
xmodelmesh,p7_consumer_grade_monitor_4_panel_small_lod0563659e9
xmodelmesh,p7_consumer_grade_monitor_4_panel_small_lod05fd42dec
xmodelmesh,p7_consumer_grade_monitor_4_panel_small_lod06b27043f
xmodelmesh,p7_consumer_grade_monitor_4_panel_small_lod08c6205ff
xmodelmesh,p7_consumer_grade_monitor_4_panel_small_lod090ff947d
xmodelmesh,p7_consumer_grade_monitor_4_panel_small_lod0c49e98ad
xmodelmesh,p7_consumer_grade_monitor_small_col9acb2ce0
xmodelmesh,p7_debris_bath_towels_01_lod02a1b9813
xmodelmesh,p7_debris_bath_towels_01_lod02f616bbb
xmodelmesh,p7_debris_bath_towels_01_lod034ad0c3c
xmodelmesh,p7_debris_bath_towels_01_lod072f36202
xmodelmesh,p7_debris_bath_towels_01_lod0872ca88f
xmodelmesh,p7_debris_bath_towels_01_lod0b4ed7553
xmodelmesh,p7_debris_bath_towels_01_lod0b7f9b78f
xmodelmesh,p7_debris_bath_towels_01_lod0dedc52dd
xmodelmesh,p7_door_frame_wood_global_01_single_lt_col40626c3c
xmodelmesh,p7_door_frame_wood_global_01_single_lt_lod07c6b7bf
xmodelmesh,p7_door_frame_wood_global_01_single_lt_lod12c2cf92a
xmodelmesh,p7_door_frame_wood_global_01_single_lt_lod1e508d351
xmodelmesh,p7_door_frame_wood_global_01_single_lt_lod1eabae3fa
xmodelmesh,p7_door_frame_wood_global_01_single_rt_col52dda883
xmodelmesh,p7_door_frame_wood_global_01_single_rt_lod0bb4a29aa
xmodelmesh,p7_door_frame_wood_global_01_single_rt_lod13d1a494d
xmodelmesh,p7_door_frame_wood_global_01_single_rt_lod1e6175387
xmodelmesh,p7_door_frame_wood_global_01_single_rt_lod1ff80171b
xmodelmesh,p7_door_mat_coir_01_col624a9d11
xmodelmesh,p7_door_mat_coir_01_lod07a9d0e91
xmodelmesh,p7_door_mat_coir_01_lod132ad0e77
xmodelmesh,p7_door_mat_coir_01_lod15db000e3
xmodelmesh,p7_door_mat_coir_01_lod1874e9ff
xmodelmesh,p7_door_mat_coir_01_lod1bfaca174
xmodelmesh,p7_door_mat_coir_01_lod1d607cc98
xmodelmesh,p7_door_wood_global_01_lt_cola8ee267b
xmodelmesh,p7_door_wood_global_01_lt_lod0537227bd
xmodelmesh,p7_door_wood_global_01_lt_lod056063637
xmodelmesh,p7_door_wood_global_01_lt_lod0c84efd92
xmodelmesh,p7_door_wood_global_01_lt_lod0cebd34af
xmodelmesh,p7_door_wood_global_01_lt_lod0d38c3a6c
xmodelmesh,p7_door_wood_global_01_rt_cola12fa6f8
xmodelmesh,p7_door_wood_global_01_rt_lod0694a3f62
xmodelmesh,p7_door_wood_global_01_rt_lod079c4efc0
xmodelmesh,p7_door_wood_global_01_rt_lod0a81068db
xmodelmesh,p7_door_wood_global_01_rt_lod0cdd30b32
xmodelmesh,p7_door_wood_global_01_rt_lod0d8bb6dbc
xmodelmesh,p7_duct_metal_circular_vent_col85791742
xmodelmesh,p7_duct_metal_circular_vent_lod0790ce91
xmodelmesh,p7_duct_metal_circular_vent_lod161e89c79
xmodelmesh,p7_duct_metal_circular_vent_lod16bb75373
xmodelmesh,p7_duct_metal_circular_vent_lod19bfbe7d
xmodelmesh,p7_foliage_bush_sakaki_thick_01_lod229015a79
xmodelmesh,p7_foliage_bush_sakaki_thick_01_lod3c295284c
xmodelmesh,p7_foliage_bush_sakaki_thick_01_lod4944c4bb
xmodelmesh,p7_foliage_bush_sakaki_thick_01_lod523347abc
xmodelmesh,p7_foliage_bush_sakaki_thick_01_lod5c9837452
xmodelmesh,p7_furniture_couch_small_lod01f0d7b1f
xmodelmesh,p7_furniture_couch_small_lod04f6be9a9
xmodelmesh,p7_furniture_couch_small_lod063cbc048
xmodelmesh,p7_furniture_couch_small_lod06c3aafcd
xmodelmesh,p7_furniture_couch_small_lod093fceeff
xmodelmesh,p7_furniture_couch_small_lod0ad61a6a4
xmodelmesh,p7_furniture_couch_small_lod0bf19c08f
xmodelmesh,p7_furniture_couch_small_lod0dd8fec3
xmodelmesh,p7_fxanim_gp_trash_paper_toilet_roll_01_s3_lod021b22aa9
xmodelmesh,p7_fxanim_gp_trash_paper_toilet_roll_01_s3_lod03bbb6710
xmodelmesh,p7_fxanim_gp_trash_paper_toilet_roll_01_s3_lod05d0c2406
xmodelmesh,p7_fxanim_gp_trash_paper_toilet_roll_01_s3_lod06d2c6b53
xmodelmesh,p7_fxanim_gp_trash_paper_toilet_roll_01_s3_lod074d12495
xmodelmesh,p7_fxanim_gp_trash_paper_toilet_roll_01_s3_lod0e3c74bad
xmodelmesh,p7_gym_equipment_bench_frame_01_lod028253fea
xmodelmesh,p7_gym_equipment_bench_frame_01_lod05bdd119e
xmodelmesh,p7_gym_equipment_bench_frame_01_lod09257112
xmodelmesh,p7_gym_equipment_bench_frame_01_lod0973ee234
xmodelmesh,p7_gym_equipment_bench_frame_01_lod0b6240f6b
xmodelmesh,p7_gym_equipment_rack_col2d734532
xmodelmesh,p7_gym_equipment_rack_lod0ee9b8cb8
xmodelmesh,p7_gym_equipment_rack_lod1a9f51c47
xmodelmesh,p7_gym_equipment_rack_lod229d2c681
xmodelmesh,p7_gym_equipment_straight_bar_01_colffb6e2bc
xmodelmesh,p7_gym_equipment_straight_bar_01_lod032c8a16e
xmodelmesh,p7_gym_equipment_straight_bar_01_lod1aa2cca44
xmodelmesh,p7_ladder_metal_secured_128_col7d600e83
xmodelmesh,p7_ladder_metal_secured_128_lod09600bdc
xmodelmesh,p7_ladder_metal_secured_128_lod1477206a9
xmodelmesh,p7_ladder_metal_secured_128_lod2702455a6
xmodelmesh,p7_ladder_metal_secured_128_lod37eb76065
xmodelmesh,p7_ladder_metal_secured_128_lod3dc085465
xmodelmesh,p7_ladder_metal_secured_cap_lod02289d283
xmodelmesh,p7_ladder_metal_secured_cap_lod02961d794
xmodelmesh,p7_ladder_metal_secured_cap_lod036f8e6cc
xmodelmesh,p7_ladder_metal_secured_cap_lod045d34ad4
xmodelmesh,p7_ladder_metal_secured_cap_lod05b448101
xmodelmesh,p7_ladder_metal_secured_cap_lod07b6ecf54
xmodelmesh,p7_ladder_metal_secured_cap_lod092cf2b5f
xmodelmesh,p7_ladder_metal_secured_cap_lod0958f6b17
xmodelmesh,p7_light_led_bulb_col607d9ec0
xmodelmesh,p7_light_led_bulb_lod013ca5390
xmodelmesh,p7_light_led_bulb_lod04684324d
xmodelmesh,p7_light_led_bulb_lod08f51bf6a
xmodelmesh,p7_light_led_bulb_lod093bc759c
xmodelmesh,p7_light_led_bulb_lod09822e21b
xmodelmesh,p7_light_led_bulb_lod0a4c97f6c
xmodelmesh,p7_light_led_bulb_lod0b4463840
xmodelmesh,p7_light_metal_recessed_lod0b3577914
xmodelmesh,p7_light_metal_recessed_lod1499ba4a3
xmodelmesh,p7_light_metal_recessed_lod249b31c58
xmodelmesh,p7_light_metal_recessed_lod28cd362f3
xmodelmesh,p7_pro_desk_control_tower_security_lod02ca326aa
xmodelmesh,p7_pro_desk_control_tower_security_lod07da91406
xmodelmesh,p7_pro_desk_control_tower_security_lod0801502ae
xmodelmesh,p7_pro_desk_control_tower_security_lod08aec7c70
xmodelmesh,p7_sink_bathroom_lod02ebbcd7a
xmodelmesh,p7_sink_bathroom_lod183e7a8bd
xmodelmesh,p7_sink_bathroom_lod253347a43
xmodelmesh,p7_sink_bathroom_lod328ae7d31
xmodelmesh,p7_sink_bathroom_lod47347e6d2
xmodelmesh,p7_sink_bathroom_lod49b17588c
xmodelmesh,p7_television_wall_xl_lod03f82cc33
xmodelmesh,p7_television_wall_xl_lod04a27bfd0
xmodelmesh,p7_television_wall_xl_lod04f344d0e
xmodelmesh,p7_television_wall_xl_lod05c12d002
xmodelmesh,p7_television_wall_xl_lod0b09c8bb8
xmodelmesh,p7_television_wall_xl_lod0e5a40a8a
xmodelmesh,p7_theater_concession_stand_mid_lod2b21dfb7c
xmodelmesh,p7_theater_concession_stand_mid_lod393175d60
xmodelmesh,p7_theater_concession_stand_mid_lod3f1d349cd
xmodelmesh,p7_theater_concession_stand_mid_lod5a3d22dc8
xmodelmesh,p7_theater_concession_stand_mid_lod66a0dba1
xmodelmesh,p7_theater_concession_stand_mid_lod66ac13673
xmodelmesh,p7_theater_concession_stand_mid_lod6b759e97a
xmodelmesh,p7_theater_poster_frame_colfdbf624b
xmodelmesh,p7_theater_poster_frame_lod02a7da943
xmodelmesh,p7_theater_poster_frame_lod066980b4
xmodelmesh,p7_theater_poster_frame_lod0e1970cc1
xmodelmesh,p7_toilet_bathroom_lod026e20617
xmodelmesh,p7_toilet_bathroom_lod033e9732c
xmodelmesh,p7_toilet_bathroom_lod044751db4
xmodelmesh,p7_toilet_bathroom_lod0613478ac
xmodelmesh,p7_toilet_bathroom_lod0aaa0da68
xmodelmesh,p7_toilet_bathroom_lod0cc630055
xmodelmesh,p7_toilet_bathroom_lod0ccb26a83
xmodelmesh,p7_toilet_bathroom_lod0fa20791c
xmodelmesh,p7_trash_bin_small_01_black_colbd9cf5ff
xmodelmesh,p7_trash_bin_small_01_black_lod02e5ddc63
xmodelmesh,p7_trash_bin_small_01_black_lod158e246a1
xmodelmesh,p7_trash_bin_small_01_black_lod2786b2d4
xmodelmesh,p7_trash_bin_small_01_black_lod37591bf98
xmodelmesh,p7_trash_bin_small_01_black_lod413ded4c2
xmodelmesh,p7_trash_bin_small_01_black_lod5dec19b1d
xmodelmesh,p7_trash_bin_small_01_black_lod69b3ffe95
xmodelmesh,p7_trashcan_modern_lod0709175a8
xmodelmesh,p7_trashcan_modern_lod120baee
xmodelmesh,p7_trashcan_modern_lod274115dde
xmodelmesh,p7_trashcan_modern_lod3d953a44
xmodelmesh,p7_trashcan_modern_lod424e8249d
xmodelmesh,p7_trashcan_modern_lod52e7bd9bc
xmodelmesh,p7_trashcan_modern_lod549593f27
xmodelmesh,p7_trashcan_modern_lod5885ae793
xmodelmesh,p7_trashcan_street_metal_lid_01_colbfe31cc0
xmodelmesh,p7_trashcan_street_metal_lid_01_lod0f59dc1fd
xmodelmesh,p7_trashcan_street_metal_lid_01_lod18cd0d811
xmodelmesh,p7_trashcan_street_metal_lid_01_lod293e9170b
xmodelmesh,p7_trashcan_street_metal_lid_01_lod33138f39b
xmodelmesh,p7_trashcan_street_metal_lid_01_lod454ec7f7d
xmodelmesh,p7_trashcan_street_metal_open_colb61f50b5
xmodelmesh,p7_trashcan_street_metal_open_lod0e0be9337
xmodelmesh,p7_trashcan_street_metal_open_lod130837c1
xmodelmesh,p7_trashcan_street_metal_open_lod2e649b308
xmodelmesh,p7_trashcan_street_metal_open_lod3d79f1dca
xmodelmesh,p7_trashcan_street_metal_open_lod4222dae18
xmodelmesh,p7_trashcan_street_metal_open_lod589a4a78e
xmodelmesh,p7_washing_machine_lod08c9f3f60
xmodelmesh,p7_washing_machine_lod1c652a6e3
xmodelmesh,p7_washing_machine_lod2c945cd82
xmodelmesh,p7_washing_machine_lod3bea4a647
xmodelmesh,p7_washing_machine_lod432d7520
xmodelmesh,p7_washing_machine_lod47e3a610d
xmodelmesh,p7_washing_machine_lod489326118
xmodelmesh,p7_washing_machine_lod4dc62ca3e
xmodelmesh,p7_zm_der_light_bulb_small_col68d55357
xmodelmesh,p7_zm_der_light_bulb_small_lod0117c6e1e
xmodelmesh,p7_zm_der_light_bulb_small_lod04a3e558a
xmodelmesh,p7_zm_der_light_bulb_small_lod051d2f25a
xmodelmesh,p7_zm_der_light_bulb_small_lod09704d7b5
xmodelmesh,p7_zm_der_light_bulb_small_lod0a1c58e8e
xmodelmesh,p7_zm_der_light_bulb_small_lod0cd55184d
xmodelmesh,p7_zm_der_pswitch_body_lod01d89a5ff
xmodelmesh,p7_zm_der_pswitch_body_lod0324925aa
xmodelmesh,p7_zm_der_pswitch_body_lod03574d976
xmodelmesh,p7_zm_der_pswitch_body_lod05296e5de
xmodelmesh,p7_zm_der_pswitch_body_lod05e5bfa9f
xmodelmesh,p7_zm_der_pswitch_body_lod07da53bd6
xmodelmesh,p7_zm_der_pswitch_body_lod08f16cbc
xmodelmesh,p7_zm_der_pswitch_body_lod0c02f5a4a
xmodelmesh,p7_zm_der_pswitch_handle_lod0250846ac
xmodelmesh,p7_zm_der_pswitch_handle_lod063410b3d
xmodelmesh,p7_zm_der_pswitch_handle_lod066495e4b
xmodelmesh,p7_zm_der_pswitch_handle_lod077a229ac
xmodelmesh,p7_zm_der_pswitch_handle_lod09e863e5e
xmodelmesh,p7_zm_der_pswitch_handle_lod0cee74aa4
xmodelmesh,p7_zm_der_pswitch_handle_lod0d4f6da1f
xmodelmesh,p7_zm_der_pswitch_handle_lod0d75f8d9e
xmodelmesh,p7_zm_zod_gutter_downspout_02_lod02b53fa38
xmodelmesh,p7_zm_zod_gutter_downspout_02_lod03aed0a12
xmodelmesh,p7_zm_zod_gutter_downspout_02_lod0501955e2
xmodelmesh,p7_zm_zod_gutter_downspout_02_lod06e8e651f
xmodelmesh,p7_zm_zod_gutter_downspout_02_lod078ac46c5
xmodelmesh,p7_zm_zod_gutter_downspout_02_lod07d04f239
xmodelmesh,p7_zm_zod_gutter_downspout_02_lod08dfba23e
xmodelmesh,p7_zm_zod_gutter_downspout_col384153c6
xmodelmesh,p7_zm_zod_gutter_downspout_lod02d84790e
xmodelmesh,p7_zm_zod_gutter_downspout_lod138deef00
xmodelmesh,p7_zm_zod_gutter_downspout_lod15a25e83c
xmodelmesh,p7_zm_zod_gutter_downspout_lod19bf1623a
xmodelmesh,p7_zm_zod_gutter_downspout_lod1aa88adc5
xmodelmesh,p7_zm_zod_gutter_downspout_lod1cb0c1600
xmodelmesh,p7_zm_zod_gutter_funnel_lod036e8d5b8
xmodelmesh,p7_zm_zod_gutter_funnel_lod0469d281a
xmodelmesh,p7_zm_zod_gutter_funnel_lod0572a3c63
xmodelmesh,p7_zm_zod_gutter_funnel_lod05fdfa309
xmodelmesh,p7_zm_zod_gutter_funnel_lod07685d7f9
xmodelmesh,p7_zm_zod_gutter_funnel_lod09dc8fab9
xmodelmesh,p7_zm_zod_gutter_funnel_lod0f887336c
xmodelmesh,p7_zm_zod_gutter_section_128_col4578118d
xmodelmesh,p7_zm_zod_gutter_section_128_lod02c04cc08
xmodelmesh,p7_zm_zod_gutter_section_128_lod0363d8d66
xmodelmesh,p7_zm_zod_gutter_section_128_lod0389907aa
xmodelmesh,p7_zm_zod_gutter_section_128_lod0be9dadec
xmodelmesh,p7_zm_zod_gutter_section_128_lod0f31bad46
xmodelmesh,p7_zm_zod_gutter_section_64_cola7ece601
xmodelmesh,p7_zm_zod_gutter_section_64_lod0236a5cf4
xmodelmesh,p7_zm_zod_gutter_section_64_lod03747f15a
xmodelmesh,p7_zm_zod_gutter_section_64_lod0658ba7b2
xmodelmesh,p7_zm_zod_gutter_section_64_lod067fbce0e
xmodelmesh,p7_zm_zod_gutter_section_64_lod0c8c32181
xmodelmesh,p7_zm_zod_gutter_section_bracket_lod019a947d0
xmodelmesh,p7_zm_zod_gutter_section_bracket_lod0431a52f8
xmodelmesh,p7_zm_zod_gutter_section_bracket_lod043ac9ac9
xmodelmesh,p7_zm_zod_gutter_section_bracket_lod08faa3bbc
xmodelmesh,p7_zm_zod_gutter_section_bracket_lod0aa22f2ed
xmodelmesh,p7_zm_zod_gutter_section_cap_lod0270cdb9e
xmodelmesh,p7_zm_zod_gutter_section_cap_lod09ae59b38
xmodelmesh,p7_zm_zod_gutter_section_cap_lod0e9bf79a4
xmodelmesh,p7_zm_zod_gutter_section_cap_lod0f78ae978
xmodelmesh,p7_zm_zod_gutter_spout_16_lod02fe4ac60
xmodelmesh,p7_zm_zod_gutter_spout_16_lod07ec43465
xmodelmesh,p7_zm_zod_gutter_spout_16_lod088c43f29
xmodelmesh,p7_zm_zod_gutter_spout_16_lod0aac88b29
xmodelmesh,p7_zm_zod_gutter_spout_32_lod03f2e183d
xmodelmesh,p7_zm_zod_gutter_spout_32_lod06a825597
xmodelmesh,p7_zm_zod_gutter_spout_32_lod07ab323f9
xmodelmesh,p7_zm_zod_gutter_spout_32_lod08cebe78f
xmodelmesh,p7_zm_zod_gutter_spout_32_lod0b74d7ca0
xmodelmesh,p7_zm_zod_gutter_spout_32_lod0b96e7255
xmodelmesh,p7_zm_zod_gutter_spout_bracket_lod0112381dd
xmodelmesh,p7_zm_zod_gutter_spout_bracket_lod02a879941
xmodelmesh,p7_zm_zod_gutter_spout_bracket_lod03ce25cd5
xmodelmesh,p7_zm_zod_gutter_spout_bracket_lod0605bf06c
xmodelmesh,p7_zm_zod_gutter_spout_bracket_lod06dde9e02
xmodelmesh,p7_zm_zod_gutter_spout_bracket_lod0d1930f54
xmodelmesh,t6_skyboxfb7b39d6
material,3a_common
material,ei/gfx_gel_drops_full_lite_spec|dup
material,luts_t7_default
material,mc/bullet_collision_glass
material,mc/bullet_collision_paper
material,mc/bullet_collision_rubber
material,mc/bullet_collision_wood
material,mc/invisible_mesh
material,mc/mtl_c_gen_gib_blood_splatters
material,mc/mtl_c_zom_der_zombie_hound_body
material,mc/mtl_c_zom_der_zombie_hound_eye_glow
material,mc/mtl_c_zom_der_zombie_hound_fur_bloody
material,mc/mtl_c_zom_der_zombie_hound_fur_body
material,mc/mtl_c_zom_der_zombie_hound_fur_leg
material,mc/mtl_c_zom_der_zombie_hound_fur_tail
material,mc/mtl_c_zom_der_zombie_hound_head
material,mc/mtl_c_zom_der_zombie_hound_teeth
material,mc/mtl_c_zom_zod_zombie_arms
material,mc/mtl_c_zom_zod_zombie_fedora
material,mc/mtl_c_zom_zod_zombie_fem_body_1_skin
material,mc/mtl_c_zom_zod_zombie_fem_boots
material,mc/mtl_c_zom_zod_zombie_flesh
material,mc/mtl_c_zom_zod_zombie_golfcap
material,mc/mtl_c_zom_zod_zombie_head_1
material,mc/mtl_c_zom_zod_zombie_head_2
material,mc/mtl_c_zom_zod_zombie_jacket
material,mc/mtl_c_zom_zod_zombie_pants
material,mc/mtl_c_zom_zod_zombie_shirt
material,mc/mtl_c_zom_zod_zombie_shoes
material,mc/mtl_p7_3d_printer_safehouse_01_computer_aluminum
material,mc/mtl_p7_3d_printer_safehouse_01_computer_black_metal
material,mc/mtl_p7_3d_printer_safehouse_01_computer_plastic
material,mc/mtl_p7_bench_wood_curveback
material,mc/mtl_p7_bench_wood_curveback_metal
material,mc/mtl_p7_bottle_plastic_cleaner_toilet
material,mc/mtl_p7_cai_poster_frame_theater
material,mc/mtl_p7_cart_laundry
material,mc/mtl_p7_chair_office_modern_aluminum_02
material,mc/mtl_p7_chair_office_modern_cloth_01
material,mc/mtl_p7_chair_office_modern_cloth_02
material,mc/mtl_p7_chair_office_modern_plastic_01
material,mc/mtl_p7_chair_office_modern_plastic_01_dark
material,mc/mtl_p7_chair_office_modern_plastic_02
material,mc/mtl_p7_cleaning_paper
material,mc/mtl_p7_consumer_grade_monitor_frame
material,mc/mtl_p7_consumer_grade_monitor_screen
material,mc/mtl_p7_debris_bath_towels_01
material,mc/mtl_p7_door_frame_wood_global_01_metal
material,mc/mtl_p7_door_frame_wood_global_01_white
material,mc/mtl_p7_door_mat_coir_01
material,mc/mtl_p7_door_mat_coir_01_trim
material,mc/mtl_p7_door_mat_rubber_01
material,mc/mtl_p7_door_wood_global_01_metal
material,mc/mtl_p7_door_wood_global_01_white
material,mc/mtl_p7_duct_metal_circular_support
material,mc/mtl_p7_foliage_bush_sakaki_sway
material,mc/mtl_p7_furniture_couch_small
material,mc/mtl_p7_fxanim_gp_cleaning_paper_01_s3
material,mc/mtl_p7_gym_equipment_bench_cushion_01
material,mc/mtl_p7_gym_equipment_bench_cushion_01_metal
material,mc/mtl_p7_gym_equipment_bench_frame_01
material,mc/mtl_p7_gym_equipment_bench_frame_01_rubber
material,mc/mtl_p7_gym_equipment_rack
material,mc/mtl_p7_gym_equipment_rack_rubber
material,mc/mtl_p7_gym_equipment_straight_bar_01
material,mc/mtl_p7_gym_equipment_straight_bar_01_chrome
material,mc/mtl_p7_gym_equipment_straight_bar_01_grip
material,mc/mtl_p7_hero_assets_emissive
material,mc/mtl_p7_ladder_metal_secured_bare
material,mc/mtl_p7_light_fixture_led_utility
material,mc/mtl_p7_light_led_box
material,mc/mtl_p7_light_metal_recessed
material,mc/mtl_p7_sink_bathroom
material,mc/mtl_p7_television_wall_xl_frame
material,mc/mtl_p7_television_wall_xl_screen
material,mc/mtl_p7_theater_concession_decal
material,mc/mtl_p7_theater_concession_stand_dirty
material,mc/mtl_p7_theater_concession_stand_dirty_01
material,mc/mtl_p7_theater_concession_stand_melamine_mid_blend
material,mc/mtl_p7_theater_concession_stand_metal_mid_blend
material,mc/mtl_p7_theater_concession_stand_mid_floorboard
material,mc/mtl_p7_theater_poster_frame_screen_01
material,mc/mtl_p7_toilet_bathroom
material,mc/mtl_p7_trash_bin_small_01_set_plastic_bag
material,mc/mtl_p7_trash_bin_small_01_set_plastic_bucket
material,mc/mtl_p7_trashcan_modern_metal_worn
material,mc/mtl_p7_trashcan_modern_plastic_worn
material,mc/mtl_p7_trashcan_street_metal
material,mc/mtl_p7_trashcan_street_metal_decal_01
material,mc/mtl_p7_trashcan_street_metal_decal_02
material,mc/mtl_p7_trashcan_street_metal_decal_03
material,mc/mtl_p7_trashcan_street_metal_decal_04
material,mc/mtl_p7_trashcan_street_metal_decal_05
material,mc/mtl_p7_washing_machine
material,mc/mtl_p7_zm_der_light_set_bulb_small
material,mc/mtl_p7_zm_der_pswitch_body
material,mc/mtl_p7_zm_der_pswitch_body_brass
material,mc/mtl_p7_zm_der_pswitch_body_plastic
material,mc/mtl_p7_zm_der_pswitch_body_plastic_red
material,mc/mtl_p7_zm_der_pswitch_bulb
material,mc/mtl_p7_zm_der_pswitch_glass
material,mc/mtl_p7_zm_der_pswitch_handle
material,mc/mtl_p7_zm_der_pswitch_handle_blk
material,mc/mtl_p7_zm_der_pswitch_handle_red
material,mc/mtl_p7_zm_der_teleporter_control_gauge
material,mc/mtl_p7_zm_zod_gutter
material,mc/mtl_skybox_default_black
material,mc/mtl_skybox_default_day
material,mc/mtl_skybox_mp_spire3_override
material,mc/t7_decal_grunge_dirt_wall_01_blend_offset
material,mc/t7_decal_grunge_rust_04
material,mc/t7_decal_signage_letters_upper_black
material,mc/t7_decal_tech_details_01_dark
material,mc/t7_decal_tech_lines_normal
material,mc/t7_glass_dirty_grimes_02
material,mc/t7_glass_dirty_streaks_shard
material,mc/t7_glass_smoked_dark
material,mc/t7_metal_bare_nickel_brushed_2
material,mc/t7_metal_bare_nickel_matte
material,mc/t7_metal_panel_white_perforated_grey_1
material,mc/t7_metal_worn_steel_plate_base
material,mc/t7_plastic_base_clean_glossy_black
material,wc/cds_wall_siding_001
material,wc/dev_col_grid_2
material,wc/dev_col_grid_3
material,wc/metal_whitetrim_karma
material,wc/mtl_nt_2020_plaster_whitewall_01
material,wc/nt_2020_metal_brushed_trim
material,wc/p7_vld_wood_rustic_white_noseam
material,wc/pbr_mirror_reflection
material,wc/pbr_unfinished_plaster_wall_construction
material,wc/t7_ceramic_tiles_6x6_dirty_01
material,wc/t7_cloth_carpet_backing
material,wc/t7_concrete_bare_light_01
material,wc/t7_concrete_floor_garage
material,wc/t7_concrete_wall_blocks
material,wc/t7_drywall_painted_beige_01
material,wc/t7_drywall_painted_green_01
material,wc/t7_drywall_painted_grey_lt_01
material,wc/t7_drywall_painted_white_01
material,wc/t7_glass_clean_01
material,wc/t7_glass_dirty_streaks
material,wc/t7_glass_dirty_streaks_cracked
material,wc/t7_metal_aluminum_siding_vertical_white
material,wc/t7_plastic_rubber_trim
material,wc/t7_plastic_white_backlit
material,wc/t7_rock_wall_grouted
material,wc/t7_ven_ceiling_panel_6x6
material,wc/t7_wood_beam_worn_oak
material,wc/t7_wood_beam_worn_oak_bleached
material,wc/t7_wood_beam_worn_oak_bleached_darker
material,wc/t7_wood_beam_worn_oak_bleached_tint_wht
material,wc/t7_wood_mulch_01
material,wc/t7_wood_old_termite_trim
material,wc/t7_wood_planks_damaged_teak
material,wc/t7_wood_plywood_dirty
material,wc/t7_wood_plywood_splintered
material,wc/t7_wood_plywood_trim
material,wc/t7_wood_roof_tiles_01
material,wc/t7_wood_trim_01_oak_varnished_drk_b
material,wc/t7_wood_worn_painted_white
techset,mc/emissive_add#e6142445
techset,mc/fxanim_vegetation#e6142445
techset,mc/glass_shard#e6142445
techset,mc/lit_backlit#e6142445
techset,mc/lit_backlit_advanced#e6142445
techset,mc/lit_decal_normal#e6142445
techset,mc/lit_decal_offsets#e6142445
techset,mc/lit_detail_decal#e6142445
techset,mc/lit_flag#e6142445
techset,mc/lit_micro_tile_blend_advanced#e6142445
techset,mc/lit_micro_tile_blend_plus#e6142445
techset,mc/lit_micro_tiled#e6142445
techset,mc/lit_micro_tiled_advanced#e6142445
techset,mc/lit_micro_tiled_plus#e6142445
techset,mc/sky_hdr#e6142445
techset,mc/sky_latlong_hdr#e6142445
techset,wc/glass#882572b8
techset,wc/glass_nocolor#882572b8
techset,wc/lit#882572b8
techset,wc/lit_advanced#882572b8
techset,wc/lit_alphatest#882572b8
techset,wc/lit_backlit#882572b8
techset,wc/lit_detail#882572b8
techset,wc/lit_detail_alphatest_plus#882572b8
techset,wc/lit_micro_tile_blend#882572b8
techset,wc/lit_plus#882572b8
image,$grid
image,$thickness
image,3a_common_i
image,fxt_lf_artifact_02
image,fxt_lf_artifact_03
image,fxt_lf_artifact_24
image,fxt_lf_source_06
image,i_c_gen_gib_blood_splatters_c
image,i_c_gen_gib_blood_splatters_g
image,i_c_gen_head_r
image,i_c_zom_der_zombie_hound_body_c
image,i_c_zom_der_zombie_hound_body_g
image,i_c_zom_der_zombie_hound_body_n
image,i_c_zom_der_zombie_hound_eye_glow_c
image,i_c_zom_der_zombie_hound_fur_bloody_c
image,i_c_zom_der_zombie_hound_fur_body_c
image,i_c_zom_der_zombie_hound_fur_leg_c
image,i_c_zom_der_zombie_hound_fur_tail_c
image,i_c_zom_der_zombie_hound_head_c
image,i_c_zom_der_zombie_hound_head_g
image,i_c_zom_der_zombie_hound_head_n
image,i_c_zom_der_zombie_hound_teeth_c
image,i_c_zom_der_zombie_hound_teeth_g
image,i_c_zom_der_zombie_hound_teeth_n
image,i_c_zom_zod_zombie_arms_c
image,i_c_zom_zod_zombie_arms_g
image,i_c_zom_zod_zombie_arms_n
image,i_c_zom_zod_zombie_fedora_cin_c
image,i_c_zom_zod_zombie_fedora_cin_n
image,i_c_zom_zod_zombie_fedora_g
image,i_c_zom_zod_zombie_fedora_o
image,i_c_zom_zod_zombie_fem_body_1_skin_c
image,i_c_zom_zod_zombie_fem_body_1_skin_g
image,i_c_zom_zod_zombie_fem_body_1_skin_n
image,i_c_zom_zod_zombie_fem_boots_c
image,i_c_zom_zod_zombie_fem_boots_g
image,i_c_zom_zod_zombie_fem_boots_n
image,i_c_zom_zod_zombie_flesh_c
image,i_c_zom_zod_zombie_flesh_g
image,i_c_zom_zod_zombie_flesh_n
image,i_c_zom_zod_zombie_golfcap_c
image,i_c_zom_zod_zombie_golfcap_g
image,i_c_zom_zod_zombie_golfcap_n
image,i_c_zom_zod_zombie_head_1_c
image,i_c_zom_zod_zombie_head_1_g
image,i_c_zom_zod_zombie_head_1_n
image,i_c_zom_zod_zombie_head_1_o
image,i_c_zom_zod_zombie_head_2_c
image,i_c_zom_zod_zombie_head_2_g
image,i_c_zom_zod_zombie_head_2_n
image,i_c_zom_zod_zombie_jacket_c
image,i_c_zom_zod_zombie_jacket_g
image,i_c_zom_zod_zombie_jacket_n
image,i_c_zom_zod_zombie_jacket_o
image,i_c_zom_zod_zombie_pants_c
image,i_c_zom_zod_zombie_pants_g
image,i_c_zom_zod_zombie_pants_n
image,i_c_zom_zod_zombie_pants_o
image,i_c_zom_zod_zombie_shirt_c
image,i_c_zom_zod_zombie_shirt_g
image,i_c_zom_zod_zombie_shirt_n
image,i_c_zom_zod_zombie_shirt_o
image,i_c_zom_zod_zombie_shoes_c
image,i_c_zom_zod_zombie_shoes_g
image,i_cds_wall_siding_001_c
image,i_cds_wall_siding_001_n
image,i_dev_gloss_grid_1_n
image,i_mtl_p7_3d_printer_safehouse_01_computer_m
image,i_mtl_p7_3d_printer_safehouse_01_computer_n
image,i_mtl_p7_3d_printer_safehouse_01_computer_o
image,i_mtl_p7_bench_wood_curveback_m
image,i_mtl_p7_bench_wood_curveback_metal_g
image,i_mtl_p7_bench_wood_curveback_metal_n
image,i_mtl_p7_bench_wood_curveback_metal_o
image,i_mtl_p7_bench_wood_curveback_metal_s
image,i_mtl_p7_bench_wood_curveback_n
image,i_mtl_p7_blast_wall_concrete_decal_02_c
image,i_mtl_p7_blast_wall_concrete_decal_c
image,i_mtl_p7_bottle_plastic_cleaner_toilet_c
image,i_mtl_p7_bottle_plastic_cleaner_toilet_n
image,i_mtl_p7_cai_poster_frame_theater_g
image,i_mtl_p7_cai_poster_frame_theater_n
image,i_mtl_p7_cai_poster_frame_theater_o
image,i_mtl_p7_cai_poster_frame_theater_s
image,i_mtl_p7_cart_laundry_c
image,i_mtl_p7_cart_laundry_n
image,i_mtl_p7_chair_office_modern_01_n
image,i_mtl_p7_chair_office_modern_01_o
image,i_mtl_p7_chair_office_modern_01_worn_m
image,i_mtl_p7_chair_office_modern_02_c
image,i_mtl_p7_chair_office_modern_02_n
image,i_mtl_p7_chair_office_modern_02_worn_m
image,i_mtl_p7_cinder_block_detail_n
image,i_mtl_p7_cleaning_paper_c
image,i_mtl_p7_cleaning_paper_n
image,i_mtl_p7_consumer_grade_monitor_frame_g
image,i_mtl_p7_consumer_grade_monitor_frame_n
image,i_mtl_p7_consumer_grade_monitor_frame_o
image,i_mtl_p7_consumer_grade_monitor_frame_s
image,i_mtl_p7_debris_bath_towels_01_c
image,i_mtl_p7_debris_bath_towels_01_n
image,i_mtl_p7_door_mat_coir_01_c
image,i_mtl_p7_door_mat_coir_01_n
image,i_mtl_p7_door_mat_coir_01_trim_c
image,i_mtl_p7_door_mat_coir_01_trim_n
image,i_mtl_p7_duct_metal_circular_support_o
image,i_mtl_p7_foliage_bush_sakaki_c
image,i_mtl_p7_foliage_bush_sakaki_n
image,i_mtl_p7_foliage_bush_sakaki_t
image,i_mtl_p7_gym_equipment_bench_cushion_01_c
image,i_mtl_p7_gym_equipment_bench_cushion_01_n
image,i_mtl_p7_gym_equipment_bench_frame_01_c
image,i_mtl_p7_gym_equipment_bench_frame_01_g
image,i_mtl_p7_gym_equipment_bench_frame_01_n
image,i_mtl_p7_gym_equipment_bench_frame_01_o
image,i_mtl_p7_gym_equipment_bench_frame_01_s
image,i_mtl_p7_gym_equipment_rack_c
image,i_mtl_p7_gym_equipment_rack_g
image,i_mtl_p7_gym_equipment_rack_n
image,i_mtl_p7_gym_equipment_rack_o
image,i_mtl_p7_gym_equipment_rack_s
image,i_mtl_p7_gym_equipment_straight_bar_01_n
image,i_mtl_p7_gym_equipment_straight_bar_01_o
image,i_mtl_p7_hero_assets_plastic_clean_c
image,i_mtl_p7_hero_assets_plastic_clean_n
image,i_mtl_p7_hero_assets_plastic_worn_c
image,i_mtl_p7_hero_assets_plastic_worn_n
image,i_mtl_p7_ladder_metal_secured_m
image,i_mtl_p7_ladder_metal_secured_n
image,i_mtl_p7_ladder_metal_secured_o
image,i_mtl_p7_light_fixture_led_utility_c
image,i_mtl_p7_light_fixture_led_utility_g
image,i_mtl_p7_light_fixture_led_utility_n
image,i_mtl_p7_light_fixture_led_utility_o
image,i_mtl_p7_light_fixture_led_utility_s
image,i_mtl_p7_light_led_box_c
image,i_mtl_p7_light_led_box_m
image,i_mtl_p7_light_metal_recessed_ao
image,i_mtl_p7_light_metal_recessed_c
image,i_mtl_p7_light_metal_recessed_g
image,i_mtl_p7_light_metal_recessed_n
image,i_mtl_p7_light_metal_recessed_s
image,i_mtl_p7_poster_frame_theater_screen_01_c
image,i_mtl_p7_sgen_gen_lab_autopsy_table_dirty_decal_c
image,i_mtl_p7_sink_bathroom_c
image,i_mtl_p7_sink_bathroom_n
image,i_mtl_p7_television_wall_xl_frame_c
image,i_mtl_p7_television_wall_xl_frame_n
image,i_mtl_p7_theater_concession_decal_c
image,i_mtl_p7_theater_concession_decal_n
image,i_mtl_p7_theater_concession_decal_s
image,i_mtl_p7_theater_concession_stand_dirty_c
image,i_mtl_p7_theater_concession_stand_mid_floorboard_c
image,i_mtl_p7_theater_concession_stand_mid_floorboard_n
image,i_mtl_p7_theater_concession_stand_mid_m
image,i_mtl_p7_theater_concession_stand_mid_n
image,i_mtl_p7_theater_concession_stand_mid_o
image,i_mtl_p7_toilet_bathroom_c
image,i_mtl_p7_toilet_bathroom_n
image,i_mtl_p7_trash_bin_small_01_set_plastic_bag_c
image,i_mtl_p7_trash_bin_small_01_set_plastic_bag_g
image,i_mtl_p7_trash_bin_small_01_set_plastic_bag_n
image,i_mtl_p7_trash_bin_small_01_set_plastic_bag_o
image,i_mtl_p7_trash_bin_small_01_set_plastic_bucket_m
image,i_mtl_p7_trash_bin_small_01_set_plastic_bucket_n
image,i_mtl_p7_trash_bin_small_01_set_plastic_bucket_o
image,i_mtl_p7_trashcan_modern_n
image,i_mtl_p7_trashcan_modern_o
image,i_mtl_p7_trashcan_modern_weathered_c
image,i_mtl_p7_trashcan_street_metal_m
image,i_mtl_p7_trashcan_street_metal_n
image,i_mtl_p7_washing_machine_c
image,i_mtl_p7_washing_machine_g
image,i_mtl_p7_washing_machine_n
image,i_mtl_p7_washing_machine_s
image,i_mtl_p7_zm_der_light_set_bulb_small_c
image,i_mtl_p7_zm_der_light_set_bulb_small_g
image,i_mtl_p7_zm_der_light_set_bulb_small_m
image,i_mtl_p7_zm_der_light_set_bulb_small_n
image,i_mtl_p7_zm_der_light_set_bulb_small_s
image,i_mtl_p7_zm_der_teleporter_control_gauge_c
image,i_mtl_p7_zm_pswitch_bulb_c
image,i_mtl_p7_zm_pswitch_bulb_t
image,i_mtl_p7_zm_pswitch_glass_c
image,i_mtl_p7_zm_pswitch_handle_m
image,i_mtl_p7_zm_pswitch_handle_n
image,i_mtl_p7_zm_pswitch_handle_o
image,i_mtl_p7_zm_pswitch_m
image,i_mtl_p7_zm_pswitch_n
image,i_mtl_p7_zm_pswitch_o
image,i_p7_door_frame_wood_global_01_m
image,i_p7_door_frame_wood_global_01_n
image,i_p7_door_frame_wood_global_01_o
image,i_p7_door_wood_global_01_m
image,i_p7_door_wood_global_01_n
image,i_p7_door_wood_global_01_o
image,i_p7_furniture_couch_small_c
image,i_p7_furniture_couch_small_n
image,i_p7_theater_concession_stand_dirty_01_c
image,i_p7_trashcan_modern_metal_worn_c
image,i_p7_trashcan_modern_metal_worn_g
image,i_p7_trashcan_modern_metal_worn_s
image,i_p7_vld_wood_rustic_white_noseam_c
image,i_p7_vld_wood_rustic_white_noseam_n
image,i_pbr_plaster_wallpaper_home_1_mtl_n
image,i_pbr_unfinished_plaster_wall_construction_c
image,i_pbr_unfinished_plaster_wall_construction_g
image,i_pbr_unfinished_plaster_wall_construction_n
image,i_t7_ceramic_tiles_6x6_dirty_c
image,i_t7_ceramic_tiles_6x6_dirty_n
image,i_t7_cloth_carpet_backing_c
image,i_t7_cloth_carpet_backing_n
image,i_t7_concrete_bare_light_01_c
image,i_t7_concrete_bare_light_01_n
image,i_t7_concrete_floor_garage_c
image,i_t7_concrete_floor_garage_n
image,i_t7_concrete_wall_blocks_c
image,i_t7_concrete_wall_blocks_n
image,i_t7_damage_decal_plaster_damage_02_c
image,i_t7_decal_grunge_dirt_wall_01_n
image,i_t7_decal_grunge_dirt_wall_01_offset_c
image,i_t7_decal_grunge_rust_02_r
image,i_t7_decal_grunge_rust_04_c
image,i_t7_decal_signage_letters_upper_c
image,i_t7_decal_tech_details_01_c
image,i_t7_decal_tech_details_01_n
image,i_t7_decal_tech_details_01_s
image,i_t7_decal_tech_lines_a
image,i_t7_decal_tech_lines_c
image,i_t7_decal_tech_lines_n
image,i_t7_detail_acrylic_01_n
image,i_t7_detail_asphalt_01
image,i_t7_detail_carpet_02
image,i_t7_detail_rust_01
image,i_t7_detail_threadplate_01
image,i_t7_detail_towels_01
image,i_t7_detail_wood_01
image,i_t7_detail_wood_02
image,i_t7_drywall_paited_white_c
image,i_t7_drywall_paited_white_n
image,i_t7_glass_dark_opaque_n
image,i_t7_glass_dirty_grimes_02_c
image,i_t7_glass_dirty_grimes_02_g
image,i_t7_glass_dirty_streaks_02_g
image,i_t7_glass_dirty_streaks_c
image,i_t7_glass_dirty_streaks_cracked_c
image,i_t7_glass_dirty_streaks_cracked_g
image,i_t7_glass_grey_50_c
image,i_t7_glass_plain_cracked_n
image,i_t7_glass_smoked_02_c
image,i_t7_metal_aluminum_siding_vertical_c
image,i_t7_metal_aluminum_siding_vertical_n
image,i_t7_metal_bare_brushed_2_g
image,i_t7_metal_bare_brushed_2_n
image,i_t7_metal_bare_matte_g
image,i_t7_metal_bare_n
image,i_t7_metal_bare_polished_g
image,i_t7_metal_bare_tarnished_g
image,i_t7_metal_bare_worn_01_g
image,i_t7_metal_bare_worn_01_n
image,i_t7_metal_copper_oxidized_02_c
image,i_t7_metal_copper_oxidized_02_g
image,i_t7_metal_copper_oxidized_02_n
image,i_t7_metal_grunge_med_01_g
image,i_t7_metal_panel_white_perforated_c
image,i_t7_metal_panel_white_perforated_n
image,i_t7_metal_worn_steel_plate_base_s
image,i_t7_micro_coir_01_c
image,i_t7_micro_coir_01_n
image,i_t7_micro_dusty_01_c
image,i_t7_micro_metal_bare_01_g
image,i_t7_micro_metal_bare_brush_01_g
image,i_t7_micro_metal_bare_worn_01_g
image,i_t7_micro_metal_cast_iron_n
image,i_t7_micro_metal_grunge_galvanized_03_n
image,i_t7_micro_metal_grunge_pockmarks_01_c
image,i_t7_micro_metal_grunge_pockmarks_01_g
image,i_t7_micro_metal_grunge_pockmarks_01_n
image,i_t7_micro_metal_grunge_pockmarks_01_s
image,i_t7_micro_metal_grunge_scratch_03_g
image,i_t7_micro_metal_grunge_scratch_03_n
image,i_t7_micro_metal_grunge_scratch_fine_01_c
image,i_t7_micro_metal_grunge_scratch_fine_01_g
image,i_t7_micro_metal_grunge_scratch_fine_01_n
image,i_t7_micro_metal_grunge_scratch_fine_01_s
image,i_t7_micro_metal_rust_01_c
image,i_t7_micro_metal_rust_01_n
image,i_t7_micro_metal_rust_c
image,i_t7_micro_metal_rust_heavy_01_g
image,i_t7_micro_metal_rust_n
image,i_t7_micro_paint_01_g
image,i_t7_micro_plaster_01_c
image,i_t7_micro_plaster_01_n
image,i_t7_micro_plastic_01_g
image,i_t7_micro_plastic_rough_01_n
image,i_t7_micro_plastic_rough_02_g
image,i_t7_micro_stone_travertine_c
image,i_t7_micro_wood_01_c
image,i_t7_micro_wood_01_n
image,i_t7_micro_wood_rough_01_c
image,i_t7_micro_wood_rough_01_n
image,i_t7_micro_wood_rough_03_n
image,i_t7_micro_wood_varied_teak_n
image,i_t7_micro_wood_worn_varnished_01_c
image,i_t7_plastic_base_clean_c
image,i_t7_plastic_base_clean_g
image,i_t7_plastic_rubber_trim_c
image,i_t7_plastic_rubber_trim_n
image,i_t7_rock_wall_grouted_c
image,i_t7_rock_wall_grouted_n
image,i_t7_ven_ceiling_panel_c
image,i_t7_ven_ceiling_panel_m
image,i_t7_ven_ceiling_panel_n
image,i_t7_wood_beam_worn_oak_bleached_c
image,i_t7_wood_beam_worn_oak_bleached_tint_wht_c
image,i_t7_wood_beam_worn_oak_c
image,i_t7_wood_beam_worn_oak_n
image,i_t7_wood_mulch_01_c
image,i_t7_wood_mulch_01_n
image,i_t7_wood_old_termite_trim_c
image,i_t7_wood_old_termite_trim_g
image,i_t7_wood_old_termite_trim_n
image,i_t7_wood_old_termite_trim_o
image,i_t7_wood_panel_blonde_n
image,i_t7_wood_planks_damaged_teak_c
image,i_t7_wood_planks_damaged_teak_n
image,i_t7_wood_plywood_bare_n
image,i_t7_wood_plywood_dirty_c
image,i_t7_wood_plywood_splintered_c
image,i_t7_wood_plywood_splintered_n
image,i_t7_wood_plywood_trim_c
image,i_t7_wood_plywood_trim_n
image,i_t7_wood_roof_tiles_01_c
image,i_t7_wood_roof_tiles_01_n
image,i_t7_wood_worn_brown_n
image,i_t7_wood_worn_painted_white_c
image,img_luts_curve_blend
image,metal_whitetrim_karma_c
image,metal_whitetrim_karma_n
image,nt_2020_house_04_plasterf_c
image,nt_2020_metal_brushed_trim_c
image,nt_2020_metal_brushed_trim_n
image,plaster_whitewall01bump
image,skybox_default_black
image,skybox_default_day_ft
image,skybox_mp_spire3_ll
image,t7_cp_hud_tacmode_type_amws
image,zm_countryside_BC3_SRGB_combo
image,zm_countryside_BC4_combo
image,zm_countryside_BC7_SRGB_combo
image,zm_countryside_BC7_combo
sound,zm_countryside
col_map,maps/zm/zm_countryside.d3dbsp
com_map,maps/zm/zm_countryside.d3dbsp
game_map,maps/zm/zm_countryside.d3dbsp
map_ents,maps/zm/zm_countryside.d3dbsp
gfx_map,maps/zm/zm_countryside.d3dbsp
weapon,dog_ai_defaultmelee_zm
weapon,zombie_ai_defaultmelee_zm
fx,blood/fx_blood_gib_arm_sever_burst
fx,blood/fx_blood_gib_leg_sever_burst
fx,blood/fx_blood_impact_exp_body_lg_zmb
fx,blood/fx_blood_sword_trail_emitter_zod_zmb
fx,blood/fx_blood_trail_zmb
fx,destruct/fx_dest_window_glass_edge
klf,b52d9ac8-e1ad-4915-9a35-9733a11e9538
glasses,maps/zm/zm_countryside.d3dbsp(n=6)
scriptparsetree,scripts/zm/zm_countryside.csc
scriptparsetree,scripts/zm/zm_countryside.gsc
keyvaluepairs,zm_countryside
surfacesounddef,zdogfootstep_crouch_run_zdog
surfacesounddef,zdogfootstep_crouch_walk_zdog
surfacesounddef,zdogfootstep_ladder_hand_zdog
surfacesounddef,zdogfootstep_prone_zdog
surfacesounddef,zdogfootstep_run_zdog
surfacesounddef,zdogfootstep_sprint_zdog
surfacesounddef,zdogfootstep_walk_zdog
surfacesounddef,zombfootstep_crouch_run_zomb
surfacesounddef,zombfootstep_crouch_walk_zomb
surfacesounddef,zombfootstep_ladder_hand_zomb
surfacesounddef,zombfootstep_prone_zomb
surfacesounddef,zombfootstep_run_zomb
surfacesounddef,zombfootstep_sprint_zomb
surfacesounddef,zombfootstep_walk_zomb
footsteptable,zdogfootstep
footsteptable,zombfootstep
scriptbundle,c_54i_grunt_fx_table
scriptbundle,c_zom_zod_zombie_body1_gib_def
scriptbundle,c_zom_zod_zombie_body1_gib_def_hat1
scriptbundle,c_zom_zod_zombie_body1_gib_def_hat2
animselectortable,zm_factory_zombie_dog.ai_ast
animselectortable,zm_genesis_zombie.ai_ast
animmappingtable,zm_factory_zombie_dog.ai_am
animmappingtable,zm_genesis_zombie.ai_am
animstatemachine,zm_factory_zombie_dog.ai_asm
animstatemachine,zm_genesis_zombie.ai_asm
behaviortree,zm_factory_zombie_dog.ai_bt
behaviortree,zm_genesis_zombie.ai_bt
texturecombo,zm_countryside
navmesh,maps/zm/zm_countryside_navmesh
